TARGETID,RA,DEC,Z,SPECTYPE,EBV,EBV_ERR,FUVmag,NUVmag,gmag,rmag,imag,zmag,ymag,yAperMag3,j_1AperMag3,hAperMag3,kAperMag3,Jmag,Hmag,Kmag,W1mag,W2mag,W3mag,W4mag,designation,ra,dec,zsp,spCl,ebv,umag,gmag_1,rmag_1,imag_1,zmag_1,jmag,hmag,kmag,w1mag,w2mag,w3mag,w4mag,FIRST_peak,FIRST_int,VLASS_peak,VLASS_int,broad,src,gmag_2,rmag_2,imag_2,zmag_2,UV_EXCESS
39628346081936841,193.9913925336701,23.84899287147942,0.9756,QSO,0.668676776204018,0.0,,22.788999557495117,21.73539924621582,20.943599700927734,20.032699584960938,19.40130043029785,19.07320022583008,18.46500015258789,17.731000900268555,17.201000213623047,16.216999053955078,,,,14.630000114440918,13.378999710083008,10.258999824523926,7.802000045776367,,,,,,,,,,,,,,,,,,,,,,,,,,,,,YES
39628379145637914,196.26523931296205,25.143506162145663,0.6887,QSO,0.6907264471767534,0.0,,22.580699920654297,21.62430000305176,20.362499237060547,19.629100799560547,19.182199478149418,19.08449935913086,18.59000015258789,17.922000885009766,17.118000030517578,16.31599998474121,,,,14.895000457763672,13.904000282287598,11.475000381469728,8.192000389099121,,,,,,,,,,,,,,,,,,,,,,,,,,,,,YES
39628512285426154,204.61249676144203,31.488779145548964,1.0917818336865857,QSO,0.2063082026914273,0.0,,20.864999771118164,19.39970016479492,18.763599395751953,18.600400924682617,18.534900665283203,18.31100082397461,17.670000076293945,17.5939998626709,16.8439998626709,15.789999961853027,17.361000061035156,16.121999740600586,15.824000358581545,14.116999626159668,12.732000350952148,9.92300033569336,7.7270002365112305,,,,,,,,,,,,,,,,,,,,,,,,,,,,,YES
39628516710418961,153.7624460311702,31.70554122193904,0.5319112365945744,QSO,0.2653246298572204,0.0037388376733899,22.01059913635254,21.02589988708496,19.72249984741211,19.131000518798828,18.80739974975586,18.76810073852539,18.227100372314453,,,,,,,,14.460000038146973,13.395000457763672,10.890999794006348,8.795999526977539,,,,,,,,,,,,,,,,,,,,,,,,,,,,,YES
39632946793025886,253.4063567330205,33.32386308652351,1.051282732956627,QSO,0.2184087199346751,0.0039481043181458,,22.642799377441406,21.260900497436523,20.683300018310547,20.532699584960938,20.317899703979492,20.184999465942383,,,,,,,,16.201000213623047,15.015000343322754,12.131999969482422,8.684000015258789,,,,,,,,,,,,,,,,,,,,,,,,,,,,,YES
39633149587623462,235.67261608011356,44.04167727341049,1.2656674337761236,QSO,0.2083564645875604,0.0,,21.70509910583496,20.37969970703125,19.60110092163086,19.38629913330078,19.276899337768555,19.17020034790039,,,,,,,,15.03600025177002,13.529999732971191,10.557000160217283,8.281000137329102,,,,,,,,,,,,,,,,,,,,,,,,,,,,,YES
39633267170738647,168.1081543185948,51.31365653194564,0.6634845244998793,QSO,0.3484596500264627,0.0,,21.462900161743164,20.25239944458008,19.6387996673584,19.24810028076172,18.738500595092773,18.953399658203125,,,,,,,,14.866999626159668,13.727999687194824,10.63599967956543,7.991000175476074,,,,,,,,,,,,,,,,,,,,,,,,,,,,,YES
39633311366122701,182.54323179132584,54.324657987216426,0.9981778732507212,QSO,0.2619239225530692,0.0,,22.0856990814209,21.27379989624023,20.669700622558594,20.465499877929688,20.068700790405273,19.799299240112305,,,,,,,,15.454999923706056,14.777000427246094,12.430999755859377,9.298999786376951,,,,,,,,,,,,,,,,,,,,,,,,,,,,,YES
39633325387681000,184.76983939003213,55.358007567620525,1.0472999419097988,QSO,0.284461666463593,0.0,22.52829933166504,22.144699096679688,20.41939926147461,19.691499710083008,19.47130012512207,19.148500442504883,18.944400787353516,,,,,,,,14.918999671936035,13.824999809265137,10.946000099182127,8.9399995803833,,,,,,,,,,,,,,,,,,,,,,,,,,,,,YES
39633325958105931,244.0877145084918,55.272482721591714,0.9324849494006808,QSO,0.3863797645212006,0.0045161653694496,,22.247900009155273,20.8302001953125,19.94989967346191,19.63290023803711,19.288999557495117,18.97719955444336,,,,,,,,14.621000289916992,13.395000457763672,10.461000442504885,8.062000274658203,,,,,,,,,,,,,,,,,,,,,,,,,,,,,YES
39633384095352378,189.1165616120524,59.693368788822525,0.8006508766223263,QSO,0.3573278762082862,0.0134969074092695,22.28070068359375,21.81170082092285,19.401599884033203,18.86709976196289,18.761699676513672,18.305599212646484,18.607999801635746,,,,,16.777000427246094,16.68899917602539,15.699999809265137,15.052000045776367,13.991999626159668,11.44499969482422,8.534000396728516,,,,,,,,,,,,,,,,,,,,,,,,,,,,,YES
39633396137198490,188.24557855679964,60.64483091315664,1.265637038343306,QSO,0.2742889672140325,0.0,,22.08329963684082,20.5137996673584,19.766700744628903,19.527700424194336,19.48189926147461,19.249099731445312,,,,,,,,15.484000205993652,14.380000114440918,11.902000427246094,8.859999656677246,,,,,,,,,,,,,,,,,,,,,,,,,,,,,YES
39633432401152732,143.13331950863065,63.96656862951787,0.5627894502316685,QSO,0.3708381483032766,0.0076056254532823,,22.0851993560791,20.551599502563477,19.928600311279297,19.45359992980957,19.443300247192383,19.108699798583984,,,,,,,,14.239999771118164,13.064000129699709,10.248000144958496,8.041999816894531,,,,,,,,,,,,,,,,,,,,,,,,,,,,,YES
,,,,,,,,21.40489959716797,,,,,18.473899841308594,,16.812999725341797,16.358999252319336,14.996000289916992,,,,,,,,J110018.80+080455.3,165.078368,8.082062,0.803,redQSO,0.266,21.017,20.163,19.41,18.971,18.315,16.64,16.81,14.843,12.855,11.536,8.896,6.616,0.0,0.0,0.0,0.0,3580.7,w2m,20.163000106811523,19.40999984741211,18.97100067138672,18.315000534057617,YES
,,,,,,,20.76420021057129,21.40369987487793,,,,,18.43779945373535,17.71299934387207,16.947999954223633,15.715999603271484,14.006999969482422,,,,,,,,J115449.31+112705.8,178.705467,11.451632,0.296,redQSO,0.901,20.881,20.039,18.919,18.604,18.082,16.707,15.772,14.057,11.814,10.457,7.77,5.852,0.0,0.0,0.0,0.0,7048.0,w2m,20.038999557495117,18.91900062561035,18.604000091552734,18.082000732421875,YES
,,,,,,,22.25480079650879,20.97369956970215,,,,,18.1825008392334,17.374000549316406,16.72800064086914,16.35700035095215,15.322999954223633,,,,,,,,J132210.17+084232.9,200.542416,8.709141,0.325,redQSO,0.334,20.668,20.179,19.208,18.71,18.376,16.657,15.606,14.648,13.29,12.261,9.348,6.967,52.98,55.02,33.86,36.18,4158.6,w2m,20.179000854492188,19.20800018310547,18.709999084472656,18.375999450683594,YES
,,,,,,,21.630199432373047,21.66659927368164,,,,,18.256799697875977,17.41200065612793,16.35700035095215,14.928999900817873,,,,,,,,,J134039.67+051419.7,205.165295,5.238808,0.264,redQSO,1.05,20.832,19.944,19.065,18.523,17.735,16.163,14.801,13.255,11.575,10.389,7.691,5.174,8.89,9.69,4.89,4.89,1925.7,B-F2M,19.944000244140625,19.065000534057617,18.52300071716309,17.735000610351562,YES
,,,,,,,,22.126399993896484,,,,,18.865299224853516,,,,,,,,,,,,J140658.28+161142.6,211.742836,16.195199,0.92,redQSO,0.4,21.823,21.517,20.768,20.023,19.83,17.14,15.78,14.759,12.842,11.492,8.702,6.333,0.0,0.0,0.0,0.0,3573.3,w2m,21.517000198364254,20.76799964904785,20.02300071716309,19.829999923706055,YES
,,,,,,,21.230600357055664,21.495500564575195,,,,,18.73590087890625,17.615999221801758,17.1200008392334,16.2549991607666,15.16100025177002,,,,,,,,J141354.73+110047.5r,213.478071,11.013204,0.328,redQSO,0.419,20.498,19.844,18.859,18.716,17.947,16.546,15.739,14.73,13.911,12.842,9.913,7.2,0.0,0.0,0.0,0.0,4284.4,Alp-r,19.8439998626709,18.858999252319336,18.715999603271484,17.94700050354004,YES
,,,,,,,,20.88949966430664,,,,,18.3031005859375,,,,,,,,,,,,J143027.14+152514.8,217.613114,15.420809,0.66,redQSO,0.309,20.987,19.905,18.822,18.273,17.901,16.832,15.705,14.9,12.626,11.248,8.397,5.796,0.0,0.0,0.0,0.0,3207.2,w2m,19.905000686645508,18.82200050354004,18.27300071716309,17.900999069213867,YES
,,,,,,,,21.401500701904297,,,,,18.93160057067871,18.260000228881836,17.148000717163086,16.2450008392334,15.067999839782717,,,,,,,,J143404.58+093528.5,218.519077,9.591255,0.77,redQSO,0.581,22.99,23.001,20.97,19.598,18.744,17.003,16.341,14.905,13.2,11.881,8.778,6.344,1.53,1.48,0.0,0.0,3501.8,w2m,23.000999450683594,20.969999313354492,19.597999572753903,18.743999481201172,YES
,,,,,,,21.805299758911133,21.189599990844727,,,,,18.247400283813477,17.371999740600586,16.57200050354004,15.61299991607666,14.394000053405762,,,,,,,,J144809.53+054019.2,222.039727,5.672016,0.283,redQSO,0.587,20.322,19.48,18.403,18.24,17.492,16.244,15.296,14.18,12.698,11.456,8.342,5.633,15.83,16.66,7.47,7.88,1601.6,B,19.479999542236328,18.402999877929688,18.239999771118164,17.492000579833984,YES
,,,,,,,21.77039909362793,22.572200775146484,,,,,19.326200485229492,18.05299949645996,17.312000274658203,16.2450008392334,14.946000099182127,,,,,,,,J150013.42+123645.2,225.055919,12.612562,0.407,redQSO,0.453,21.446,20.266,19.238,18.506,17.97,16.805,15.908,14.61,13.036,11.695,8.76,6.317,0.0,0.0,0.0,0.0,2418.4,w2m,20.266000747680664,19.238000869750977,18.506000518798828,17.969999313354492,YES
,,,,,,,,21.387699127197266,,,,,17.70840072631836,16.952999114990234,16.6200008392334,15.970999717712402,15.168999671936035,,,,,,,,J150152.94+020604.9,225.470607,2.101365,1.19,redQSO,0.262,21.259,20.006,18.913,18.438,18.104,16.951,16.294,14.982,13.687,12.232,9.183,6.602,0.0,0.0,0.0,0.0,6543.0,w2m,20.006000518798828,18.913000106811523,18.437999725341797,18.104000091552734,YES
,,,,,,,21.399200439453125,21.72369956970215,,,,,17.71540069580078,,,,,,,,,,,,J150356.69+125914.3,225.986245,12.987307,0.22,redQSO,0.304,20.398,19.455,18.21,17.684,17.491,16.129,15.607,14.505,13.354,12.401,9.634,6.732,1.69,1.01,0.74,0.93,3157.8,w2m,19.454999923706055,18.209999084472656,17.68400001525879,17.490999221801758,YES
,,,,,,,21.572999954223633,22.054399490356445,,,,,17.739599227905273,17.378000259399414,16.801000595092773,15.715999603271484,14.45300006866455,,,,,,,,J150357.14+041856.3,225.98811,4.315645,0.405,redQSO,0.309,20.877,19.742,18.679,18.168,17.62,16.439,15.593,14.439,12.873,11.665,8.864,6.419,0.0,0.0,0.0,0.0,3612.3,w2m,19.742000579833984,18.679000854492188,18.167999267578125,17.6200008392334,YES
,,,,,,,21.12829971313477,20.46529960632324,,,,,16.991500854492188,16.180999755859375,15.677000045776367,14.727999687194824,14.225000381469728,,,,,,,,J150746.11+093731.2,226.942139,9.625342,1.274,redQSO,0.263,20.115,19.129,17.913,17.371,17.031,15.752,14.881,14.125,12.754,11.402,8.512,6.105,0.0,0.0,0.0,0.0,3909.0,w2m,19.128999710083008,17.913000106811523,17.371000289916992,17.0310001373291,YES
,,,,,,,,21.08720016479492,,,,,17.943300247192383,16.849000930786133,16.722000122070312,15.831000328063965,14.593999862670898,,,,,,,,J152259.51+032347.6r,230.747969,3.396561,0.567,redQSO,0.322,20.937,19.881,18.989,18.341,18.238,16.898,15.736,14.702,12.601,11.19,8.315,6.064,1.27,0.93,0.0,0.0,1740.5,b-r,19.881000518798828,18.98900032043457,18.340999603271484,18.238000869750977,YES
,,,,,,,21.44849967956543,21.31369972229004,,,,,17.442899703979492,16.599000930786133,16.04800033569336,15.151000022888184,13.906000137329102,,,,,,,,J204626.10+002337.6,311.608778,0.393795,0.332,redQSO,0.451,20.005,18.988,18.012,17.878,17.229,15.934,14.74,13.683,12.056,10.843,7.835,5.246,1.19,1.14,0.81,0.82,2603.9,B,18.988000869750977,18.011999130249023,17.878000259399414,17.229000091552734,YES
39628487002162664,251.73270420910976,30.187910824795868,1.2092360209632602,QSO,0.2196037778695702,0.0,,19.50189971923828,20.03219985961914,19.567899703979492,19.683000564575195,19.798900604248047,19.74920082092285,19.09199905395508,17.952999114990234,18.038999557495117,17.10300064086914,,,,15.529999732971191,14.258999824523926,11.519000053405762,8.557999610900879,,,,,,,,,,,,,,,,,,,,,,,,,,,,,NO
39633162623516748,240.00424805590265,44.854727801678315,0.6484117238197218,QSO,0.3139912348590943,0.0,,21.18589973449707,19.963499069213867,19.596900939941406,19.2898006439209,19.115800857543945,19.110200881958008,,,,,,,,14.95199966430664,14.072999954223633,11.03600025177002,8.616000175476074,,,,,,,,,,,,,,,,,,,,,,,,,,,,,NO
39633118801431199,247.17554109564355,42.34074896451223,0.8347876192622894,QSO,0.267776032486708,0.0,,21.502500534057617,20.05069923400879,19.66860008239746,19.25160026550293,19.116899490356445,19.048200607299805,,,,,,,,15.006999969482422,13.847000122070312,10.869999885559082,8.319000244140625,,,,,,,,,,,,,,,,,,,,,,,,,,,,,NO
,,,,,,,,21.57830047607422,,,,,18.59429931640625,,17.207000732421875,16.466999053955078,15.69499969482422,,,,,,,,J091615.68+062425.8_add,139.065352,6.407175,0.341,redQSO,0.352,21.004,19.735,18.416,18.091,17.447,16.497,16.184,14.841,14.481,13.647,10.841,8.172,0.0,0.0,0.0,0.0,1453.0,w2m,19.73500061035156,18.416000366210938,18.090999603271484,17.44700050354004,NO
39633381025122496,189.19765250671696,59.43810592715378,0.8243893192147953,QSO,0.4516369599737196,0.0309515855177054,,21.608699798583984,21.21780014038086,21.19700050354004,20.986000061035156,20.36860084533691,,,,,,,,,15.661999702453612,14.970999717712402,12.10200023651123,9.20699977874756,,,,,,,,,,,,,,,,,,,,,,,,,,,,,NO
,,,,,,,,21.651899337768555,,,,,17.774999618530273,17.031999588012695,16.402999877929688,15.35200023651123,14.027000427246094,,,,,,,,J152255.64+030210.8,230.731853,3.036337,0.223,redQSO,0.397,21.186,19.601,18.419,17.803,17.567,16.31,15.115,13.897,12.41,11.365,8.742,6.615,0.0,0.0,0.0,0.0,1566.0,w2m,19.60099983215332,18.41900062561035,17.80299949645996,17.566999435424805,NO
39633274749847730,171.3637490692064,51.63567085795725,0.8614668125763576,QSO,0.3467890074856232,0.0,,21.71699905395508,19.497400283813477,18.823299407958984,18.530500411987305,18.302799224853516,18.26070022583008,,,,,,,,13.991000175476074,12.78499984741211,9.951000213623049,7.48199987411499,,,,,,,,,,,,,,,,,,,,,,,,,,,,,NO
39633263475557830,178.6033805615095,50.957597139569955,1.151383027129046,QSO,0.217852700250845,0.0032893592272243,,21.74449920654297,19.600099563598633,18.97369956970215,18.787700653076172,18.705900192260746,18.524999618530273,,,,,,,,14.340999603271484,12.967000007629396,10.45400047302246,8.270999908447266,,,,,,,,,,,,,,,,,,,,,,,,,,,,,NO
,,,,,,,,21.830400466918945,,,,,17.98889923095703,17.0,16.415000915527344,15.347999572753906,14.272000312805176,,,,,,,,J133939.61+033109.8,204.915051,3.51941,0.241,redQSO,0.442,19.827,19.05,18.08,17.648,17.459,16.107,15.479,14.588,12.952,11.924,9.065,6.331,2.22,2.32,0.85,1.87,3269.2,B,19.049999237060547,18.079999923706055,17.648000717163086,17.458999633789062,NO
39632996638132285,252.0111764493343,35.86676618141669,0.7450604848059833,QSO,0.5129458506988205,0.0586604506394905,,22.01919937133789,21.42530059814453,21.150800704956055,20.14879989624023,19.40279960632324,19.131099700927734,,,,,,,,15.854999542236328,15.595000267028809,12.300000190734863,9.140999794006348,,,,,,,,,,,,,,,,,,,,,,,,,,,,,NO
,,,,,,,,22.081300735473633,,,,,18.279600143432617,17.434999465942383,16.716999053955078,15.75100040435791,14.628999710083008,,,,,,,,J095915.29+034033.6r,149.813749,3.676001,0.682,redQSO,0.361,21.356,20.164,19.338,18.731,18.209,16.546,15.653,14.922,12.954,11.785,9.158,6.831,0.0,0.0,0.0,0.0,6082.1,b-r,20.163999557495117,19.33799934387207,18.731000900268555,18.208999633789062,NO
,,,,,,,,22.225500106811523,,,,,18.87619972229004,17.510000228881836,17.47599983215332,16.527999877929688,15.281000137329102,,,,,,,,J131953.04+003025.0r,199.971037,0.506965,0.593,redQSO,0.42,21.861,20.286,19.67,19.042,18.967,16.583,16.264,14.967,13.633,12.639,10.306,8.053,0.0,0.0,0.0,0.0,3939.0,b-r,20.285999298095703,19.670000076293945,19.04199981689453,18.96699905395508,NO
39633114229639776,240.92652129747788,41.98069467664135,1.1194105841124444,QSO,0.2543204635128654,0.0028017683082596,,22.30929946899414,20.524999618530273,19.92930030822754,19.81220054626465,19.60890007019043,19.365299224853516,,,,,,,,15.428000450134276,14.295000076293944,11.354000091552734,8.651000022888184,,,,,,,,,,,,,,,,,,,,,,,,,,,,,NO
,,,,,,,,22.348899841308594,,,,,17.463699340820312,16.66200065612793,15.940999984741213,14.928000450134276,13.708000183105469,,,,,,,,J221633.72-005451.6,334.140522,-0.914357,0.2,redQSO,0.882,21.155,19.55,18.256,17.572,17.305,15.917,14.951,13.736,12.27,11.254,8.589,6.103,1.31,0.8,0.0,0.0,3289.7,w2m-F2M,19.549999237060547,18.256000518798828,17.57200050354004,17.30500030517578,NO
39628502630139100,252.57369375041685,31.040589467156224,0.6557520929819584,QSO,0.6413348157221339,0.3017970001918432,,22.364200592041016,21.18829917907715,20.90399932861328,20.463600158691406,20.352500915527344,20.114200592041016,19.374000549316406,19.045000076293945,18.31999969482422,17.263999938964844,,,,16.016000747680664,14.975000381469728,12.56999969482422,8.467000007629395,,,,,,,,,,,,,,,,,,,,,,,,,,,,,NO
39633318420941362,183.76953168589608,54.7949320748764,1.0420512028685849,QSO,0.2105703590897883,0.0127244627618898,,22.400999069213867,21.25279998779297,20.873899459838867,20.72089958190918,20.418699264526367,19.03919982910156,,,,,,,,16.163999557495117,14.980999946594238,12.354000091552734,8.210000038146973,,,,,,,,,,,,,,,,,,,,,,,,,,,,,NO
39628517884826033,235.9606088921522,31.839753144828936,0.6344120169984536,QSO,0.3356609076425012,0.0,,22.446300506591797,20.736400604248047,20.17849922180176,19.73069953918457,19.61030006408691,19.48590087890625,,,,,,,,14.887999534606934,13.77400016784668,11.164999961853027,8.869999885559082,,,,,,,,,,,,,,,,,,,,,,,,,,,,,NO
,,,,,,,,22.46940040588379,,,,,18.8927001953125,18.114999771118164,17.073999404907227,15.791999816894531,14.496000289916992,,,,,,,,J094400.60+055108.9,146.002502,5.8525,0.367,redQSO,0.671,21.784,19.897,18.705,18.156,17.244,16.7,16.032,14.555,13.165,12.086,9.596,7.349,1.3,2.04,1.12,1.51,2104.2,B,19.89699935913086,18.704999923706055,18.1560001373291,17.243999481201172,NO
,,,,,,,,22.528900146484375,,,,,17.70829963684082,16.913999557495117,16.229000091552734,15.25100040435791,15.112000465393066,,,,,,,,J104319.88+132748.7r,160.832858,13.463537,1.44,redQSO,0.272,20.635,19.474,18.499,18.054,17.794,16.386,15.086,14.829,14.133,13.031,10.181,7.536,7.29,7.61,5.05,5.41,1361.3,b-r,19.474000930786133,18.499000549316406,18.054000854492188,17.79400062561035,NO
39633297373923171,217.62031437448027,53.21667374996201,0.5698210398695328,QSO,0.2808046300085944,0.0054641582183225,,22.624500274658203,19.706199645996097,19.42250061035156,18.938800811767575,18.965499877929688,18.70680046081543,,,,,,,,14.56700038909912,13.494000434875488,11.104000091552734,9.081000328063965,,,,,,,,,,,,,,,,,,,,,,,,,,,,,NO
39633297101291857,190.42456146455356,53.3502595235979,0.8094094054579526,QSO,0.3455505595247563,0.0,,22.696300506591797,20.864900588989254,20.38129997253418,20.235599517822266,19.685199737548828,19.710599899291992,,,,,,,,15.9350004196167,14.9350004196167,12.343999862670898,8.647000312805176,,,,,,,,,,,,,,,,,,,,,,,,,,,,,NO
39628527141653556,165.1280066716075,32.30486163268611,1.2402634981806844,QSO,0.2268963581651724,0.0054250478891091,,22.800600051879883,20.420000076293945,19.751399993896484,19.586700439453125,19.622699737548828,19.583599090576172,,,,,,,,15.446999549865724,14.137999534606934,11.244000434875488,8.25,,,,,,,,,,,,,,,,,,,,,,,,,,,,,NO
,,,,,,,,22.852800369262695,,,,,17.34320068359375,16.663999557495117,15.951000213623049,14.883000373840332,13.520999908447266,,,,,,,,J220546.33+005319.3,331.443069,0.888695,0.285,redQSO,0.946,21.265,19.548,18.143,17.587,16.976,15.787,14.608,13.352,11.967,10.822,7.962,5.569,3.15,3.74,1.52,2.03,2915.2,B,19.54800033569336,18.14299964904785,17.586999893188477,16.97599983215332,NO
39633328860563898,187.2856542681319,55.43695423646161,0.915632083194107,QSO,0.2507805487903966,0.0,,22.922100067138672,21.247800827026367,21.215499877929688,21.057600021362305,20.81529998779297,19.83889961242676,,,,,,,,16.131999969482422,15.015000343322754,11.670000076293944,8.531999588012695,,,,,,,,,,,,,,,,,,,,,,,,,,,,,NO
,,,,,,,22.36440086364746,21.44300079345703,,,,,17.463600158691406,16.59600067138672,15.987000465393066,15.067999839782717,13.861000061035156,,,,,,,,J135304.23+023011.8,208.26764,2.503283,0.22,redQSO,0.271,20.22,19.16,18.154,17.555,17.34,15.998,15.037,13.811,12.143,10.979,7.959,5.565,0.0,0.0,0.0,0.0,2039.3,w2m,19.15999984741211,18.15399932861328,17.55500030517578,17.34000015258789,NO
