angDist,angDist2,angDist22,angDist222,TARGETID,RA,DEC,Z,SPECTYPE,EBV,EBV_ERR,MAD,SIXMICRON_LUM,EDR?,objID,RAJ2000,DEJ2000,errHalfMaj,errHalfMin,errPosAng,cell,sky,f_objID,Qual,e_RAJ2000,e_DEJ2000,Epoch,Ns,Nd,Ng,Nr,Ni,Nz,Ny,gPSFf,gmag,e_gmag,gmagStd,o_gmag,b_gmag,B_gmag,gKmag,e_gKmag,gFlags,rPSFf,rmag,e_rmag,rmagStd,o_rmag,b_rmag,B_rmag,rKmag,e_rKmag,rFlags,iPSFf,imag,e_imag,imagStd,o_imag,b_imag,B_imag,iKmag,e_iKmag,iFlags,zPSFf,zmag,e_zmag,zmagStd,o_zmag,b_zmag,B_zmag,zKmag,e_zKmag,zFlags,yPSFf,ymag,e_ymag,ymagStd,o_ymag,b_ymag,B_ymag,yKmag,e_yKmag,yFlags,JName,ra,dec,yAperMag3,j_1AperMag3,hAperMag3,kAperMag3,yAperMag3Err,j_1AperMag3Err,hAperMag3Err,kAperMag3Err,sourceID,mode,epoch,mergedClass,JNAME,ra2,dec2,errHalfMaj2,errHalfMin2,errPosAng2,W1mag,W2mag,W3mag,W4mag,Jmag,Hmag,Kmag,e_W1mag,e_W2mag,e_W3mag,e_W4mag,e_Jmag,e_Hmag,e_Kmag,cntr,cc_flags,ext_flg,var_flg,ph_qual,r_2mass,RAJ20002,DEJ20002,name,objid,phID,Cat,RAfdeg,DEfdeg,FUVexp,NUVexp,GLON,GLAT,tile,img,sv,r.fov,Obs,b,E(B-V),Sp?,chkf,FUVmag,e_FUVmag,NUVmag,e_NUVmag,FUV.a,e_FUV.a,NUV.a,e_NUV.a,FUV.4,e_FUV.4,NUV.4,e_NUV.4,FUV.6,e_FUV.6,NUV.6,e_NUV.6,Fafl,Nafl,Fexf,Nexf,Fflux,e_Fflux,Nflux,e_Nflux,FXpos,FYpos,NXpos,NYpos,Fima,Nima,Fr,Nr2,nS/G,fS/G,nell,fell,nPA,e_nPA,fPA,e_fPA,Fnr,F3r,Nar,Narms,Nbrms,Far,Farms,Fbrms,w_NUV,w_FUV,Prob,Sep,Nerr,Ferr,Ierr,Nperr,Fperr,CV,G,N,primid,groupid,Gd,Nd2,primidd,groupidd,grouptot,OName,Size
0.560992,0.250347,0.203281,0.013804,39627751497401912,179.32973373931003,-1.4582813772798109,1.3112,QSO,-0.02155395521484449,0.004490044686165169,2.3475532185119494e-05,45.07751387224435,True,106251793297490521,179.32973736128,-1.45828263968,0.003000000026077032,0.003000000026077032,90.0,1277,66,436527256,52,0.00306942623,0.00301241677,56022.882691323,5,56,7,11,16,14,8,0.999239981174469,20.005300521850586,0.0027000000700354576,0.08030000329017639,4,19.87459945678711,20.01300048828125,20.12980079650879,0.04830000177025795,115000,0.9989789724349976,19.592500686645508,0.010099999606609344,0.05889999866485596,6,19.607999801635742,19.6643009185791,19.477399826049805,0.039500001817941666,115000,0.9996650218963623,19.56279945373535,0.03720000013709068,0.15770000219345093,15,19.390899658203125,19.983800888061523,19.637800216674805,0.03669999912381172,115000,0.9993590116500854,19.6023006439209,0.045899998396635056,0.18129999935626984,10,19.45680046081543,19.94260025024414,19.569599151611328,0.06780000030994415,115000,0.9986479878425598,19.58690071105957,0.0568000003695488,0.21739999949932098,8,19.44339942932129,20.034799575805664,19.532400131225586,0.05249999836087227,115000,J115719.14-012729.6,179.329776,-1.458244,18.979999542236328,18.85099983215332,17.906999588012695,17.288000106811523,0.05000000074505806,0.08500000089406967,0.057999998331069946,0.07999999821186066,433870836333,1,2008.191650390625,1,J115719.14-012729.6,179.329788,-1.458238,0.34299999475479126,0.3100000023841858,70.0,16.009000778198242,14.607999801635742,12.144000053405762,8.586000442504883,,,,0.07500000298023224,0.07199999690055847,0.3490000069141388,0.3779999911785126,,,,1800001601241020351,0000,0,01nn,AABC,,179.329886,-1.458247,GALEX J115719.1-012729,6382596970242901501,6382596970241851392,AIS,178.975111,-1.212785,187.0,299.0,276.2733,58.5841,50332,97,3,0.431333988904953,True,1,0.01979999989271164,0,0,,,20.341999053955078,0.0940999984741211,,,0.2619999945163727,0.0940999984741211,,,0.3041999936103821,0.08709999918937683,,,0.26080000400543213,0.10769999772310257,0,0,0,0,,,26.497299194335938,2.2953500747680664,,,1075.1600341796875,1327.81005859375,,4.49399995803833,,0.0020000000949949026,0.9835000038146973,0.0,0.11389999836683273,,-58.5,-68.43000030517578,,,10.973199844360352,,3.5,0.0008110000053420663,0.0007179999956861138,,,,242.1999969482422,149.60000610351562,,,0.5400000214576721,,,0.15000000596046448,,C,0,1,6382596970242900992,6382596970242901501,0,1,6382596970242900992,6382596970242901501,6382596970242901501,N,0.0
1.087433,0.22771,0.15051,0.013154,39627752067828959,213.38838906796622,-1.4199210425120636,0.6794,QSO,0.043902415787113735,0.005178780794029923,1.9678258886814096e-05,44.43065875662721,True,106292133884466481,213.38838741935,-1.41992430354,0.0020000000949949026,0.0020000000949949026,90.0,1285,61,436527256,52,0.00202690777,0.00197526034,55961.564511388,5,79,16,11,20,16,16,0.9996749758720398,19.0846004486084,0.03840000182390213,0.12549999356269836,14,18.90399932861328,19.309499740600586,19.176000595092773,0.04830000177025795,115000,0.9989140033721924,18.999500274658203,0.023399999365210533,0.1526000052690506,7,18.92009925842285,19.326799392700195,19.03619956970215,0.01769999973475933,115000,0.999288022518158,19.190399169921875,0.019999999552965164,0.0957999974489212,12,19.174999237060547,19.39080047607422,19.167499542236328,0.026200000196695328,115000,0.9991520047187805,18.883899688720703,0.022199999541044235,0.20170000195503235,15,18.320899963378906,19.209400177001953,18.961999893188477,0.03060000017285347,115000,0.9996190071105957,19.085599899291992,0.030899999663233757,0.15049999952316284,16,18.854799270629883,19.334199905395508,19.044200897216797,0.05209999904036522,115000,J141333.22-012511.6,213.38843,-1.419913,18.650999069213867,18.180999755859375,17.601999282836914,17.145999908447266,0.06800000369548798,0.0820000022649765,0.07500000298023224,0.07500000298023224,433870944666,1,2008.317626953125,0,J141333.22-012511.6,213.388449,-1.4199,0.20900000631809235,0.19499999284744263,86.0,15.645000457763672,14.482000350952148,12.071000099182129,8.880999565124512,,,,0.0430000014603138,0.05400000140070915,0.23600000143051147,0.28299999237060547,,,,2132001601241019338,0000,0,15nn,AABB,,213.38858,-1.419687,GALEX J141333.2-012510,6379219287702243017,6379219287701192704,AIS,213.445109,-1.371782,71.0,71.0,340.918,55.2769,50236,609,19,0.07408499717712402,True,1,0.056299999356269836,0,0,,,20.073200225830078,0.17350000143051147,,,-0.006800000090152025,0.17350000143051147,,,0.1412999927997589,0.1777999997138977,,,0.0502999983727932,0.20999999344348907,0,0,0,0,,,33.94029998779297,5.423190116882324,,,2084.77001953125,1756.030029296875,,6.705999851226807,,0.003000000026077032,0.9836000204086304,0.0,0.15790000557899475,,-9.199999809265137,-9.0600004196167,,,10.09060001373291,5.564370155334473,3.5,0.0007650000043213367,0.0006440000142902136,,,,52.79999923706055,67.5,,,0.5600000023841858,,,0.1599999964237213,,C,0,1,6379219287702243328,6379219287702243017,0,1,6379219287702243328,6379219287702243017,6379219287702243017,N,0.0
0.564225,0.612518,0.102602,0.004666,39627763644108485,183.43472499678055,-0.8992192646795754,1.3218,QSO,0.031044388845391513,0.0,3.6295430948322584e-05,45.11059435239174,True,106921834346801384,183.43472483626,-0.89921797848,0.004999999888241291,0.004999999888241291,0.0,1278,76,436527248,52,0.00455802131,0.00457748591,56042.03224293,5,55,13,11,16,12,3,0.9994000196456909,20.58639907836914,0.05050000175833702,0.19499999284744263,10,20.346599578857422,20.94580078125,20.70870018005371,0.0917000025510788,115000,0.999705970287323,20.165599822998047,0.03830000013113022,0.10909999907016754,11,19.981599807739258,20.334999084472656,20.261699676513672,0.031599998474121094,115000,0.999405026435852,20.036699295043945,0.03420000150799751,0.12720000743865967,13,19.8439998626709,20.32990074157715,20.096799850463867,0.0406000018119812,115000,0.9997439980506897,20.06529998779297,0.05660000070929527,0.22949999570846558,11,19.785600662231445,20.489200592041016,20.11829948425293,0.06849999725818634,115000,0.9992989897727966,19.73900032043457,0.1356000006198883,0.3264000117778778,3,19.604700088500977,20.15839958190918,19.86370086669922,0.20720000565052032,115000,J121344.32-005357.2,183.4347,-0.899233,19.450000762939453,19.02899932861328,18.02899932861328,,0.12700000405311584,0.1509999930858612,0.12300000339746475,,433869497713,1,2008.4073486328125,1,J121344.36-005357.5,183.434855,-0.899329,0.33000001311302185,0.3070000112056732,86.0,15.871000289916992,14.494999885559082,11.92300033569336,8.166000366210938,,,,0.05999999865889549,0.09300000220537186,,,,,,1830001601241018875,0000,0,11nn,AAUU,,183.43488,-0.899199,GALEX J121344.3-005357,6382597007823867995,6382597007822815232,AIS,183.081024,-1.166232,135.0,215.0,283.486,60.5414,50332,1217,38,0.4432609975337982,True,1,0.021700000390410423,0,0,,,20.89889907836914,0.14959999918937683,,,0.8188999891281128,0.14959999918937683,,,0.866599977016449,0.1370999962091446,,,0.9473999738693237,0.20170000195503235,0,0,0,0,,,15.865500450134277,2.185189962387085,,,1069.0899658203125,2584.280029296875,,6.131999969482422,,0.003000000026077032,0.9977999925613403,0.0,0.1386999934911728,,70.48999786376953,69.27999877929688,,,10.657500267028809,5.088290214538574,3.5,0.0007989999721758068,0.0006880000000819564,,,,183.10000610351562,110.0999984741211,,,0.6399999856948853,,,0.23999999463558197,,C,0,1,6382597007823867904,6382597007823867995,0,1,6382597007823867904,6382597007823867995,6382597007823867995,N,0.0
0.136178,1.327132,0.057528,0.004461,39627770262716602,217.75689597823057,-0.714351394828137,0.334,QSO,0.11969541548700269,0.0,7.598239140409036e-05,43.74281082875007,True,107142177569233223,217.75689475697,-0.71435118415,0.003000000026077032,0.003000000026077032,90.0,1286,80,436527104,52,0.0029504836,0.00294577178,56106.198522279,5,51,10,8,14,9,10,0.9996680021286011,19.777999877929688,0.12639999389648438,0.4733000099658966,9,19.514299392700195,20.503400802612305,19.836599349975586,0.11909999698400497,115000,0.9996579885482788,19.4822998046875,0.03830000013113022,0.20900000631809235,7,19.374000549316406,19.857500076293945,19.41670036315918,0.03519999980926514,16892216,0.9996129870414734,19.546899795532227,0.04259999841451645,0.18209999799728394,12,19.302200317382812,19.849899291992188,19.431900024414062,0.052299998700618744,16892216,0.9989979863166809,18.481599807739258,0.06539999693632126,0.16899999976158142,8,18.305099487304688,18.7273006439209,18.493099212646484,0.051500000059604645,115000,0.9990609884262085,19.215700149536133,0.11949999630451202,0.21930000185966492,7,18.835899353027344,19.467899322509766,19.145700454711914,0.14259999990463257,115000,J143101.65-004251.6,217.756911,-0.714346,18.518999099731445,18.218000411987305,17.41699981689453,16.726999282836914,0.06300000101327896,0.0729999989271164,0.06599999964237213,0.06499999761581421,433868311920,1,2008.2900390625,1,J143101.73-004251.1,217.75724,-0.714218,0.17399999499320984,0.16500000655651093,84.0,15.168999671936035,14.378999710083008,11.633000373840332,8.729999542236328,,,,0.03700000047683716,0.05000000074505806,0.1509999930858612,0.30000001192092896,,,,2178100001241003466,0000,0,21nn,AABB,,217.756909,-0.714387,GALEX J143101.6-004251,6383547044928160861,6383547044925014016,AIS,218.05984,-0.48788,112.0,112.0,347.6809,53.2761,50359,2977,93,0.37823599576950073,True,3,0.045099999755620956,0,0,20.082799911499023,0.20170000195503235,20.394399642944336,0.1632000058889389,1.2627999782562256,0.20170000195503235,0.31439998745918274,0.1632000058889389,1.308500051498413,0.21040000021457672,0.38499999046325684,0.1559000015258789,1.1613999605178833,0.20229999721050262,0.3082999885082245,0.19370000064373016,0,0,0,0,33.64229965209961,6.249489784240723,25.24799919128418,3.7950599193573,2593.080078125,1404.06005859375,2593.300048828125,1403.6700439453125,3.619999885559082,7.547999858856201,0.0020000000949949026,0.003000000026077032,0.9833999872207642,0.9830999970436096,0.1996999979019165,0.11590000241994858,-78.43000030517578,-78.72000122070312,84.80000305175781,84.80000305175781,5.228439807891846,2.097529888153076,3.5,0.0008079999824985862,0.0006459999713115394,3.5,0.0006639999919570982,0.0005869999877177179,92.30000305175781,83.19999694824219,0.746999979019165,0.5400000214576721,0.6100000143051147,0.7699999809265137,0.6700000166893005,0.20999999344348907,0.09000000357627869,C,0,1,6383547044928160768,6383547044928160861,0,1,6383547044928160768,6383547044928160861,6383547044928160861,N,0.0
1.31655,0.085592,0.09892,0.013908,39627788335975931,215.12365289121297,0.034299359123966866,1.1207,QSO,-0.0055388860841352194,0.004684153420053063,1.9117145351084264e-05,45.07822465957489,True,108042151236371620,215.12365435166,0.03430293584,0.003000000026077032,0.003000000026077032,90.0,1376,7,436527256,52,0.00273102485,0.00269255576,56119.222472986,5,65,14,10,20,11,10,0.9997169971466064,19.608400344848633,0.019300000742077827,0.05649999901652336,12,19.538799285888672,19.73270034790039,19.68910026550293,0.03480000048875809,115000,0.999675989151001,19.370500564575195,0.015200000256299973,0.17839999496936798,9,19.314199447631836,19.843399047851562,19.49329948425293,0.03550000116229057,115000,0.9992009997367859,19.36720085144043,0.014399999752640724,0.06210000067949295,18,19.25,19.45050048828125,19.42889976501465,0.02239999920129776,115000,0.9996449947357178,19.56100082397461,0.014600000344216824,0.09700000286102295,10,19.50550079345703,19.808700561523438,19.62660026550293,0.024700000882148743,115000,0.998835027217865,19.407499313354492,0.03779999911785126,0.125900000333786,9,19.312599182128906,19.72920036315918,19.547000885009766,0.056699998676776886,115000,J142029.67+000203.4,215.123626,0.034305,18.458999633789062,18.618000030517578,17.61400032043457,17.08300018310547,0.04600000008940697,0.10199999809265137,0.07000000029802322,0.07699999958276749,433860890357,2,2007.304443359375,0,J142029.68+000203.5,215.123674,0.03431,0.12800000607967377,0.11999999731779099,85.0,15.91100025177002,14.555000305175781,11.791000366210938,8.788000106811523,,,,0.05400000140070915,0.057999998331069946,0.20000000298023224,,,,,2147100001241019588,0000,0,11nn,AABU,,215.123841,0.034613,GALEX J142029.7+000204,6379219276966924388,6379219276963774464,AIS,214.984105,-0.49615,135.0,135.0,344.8874,55.4781,50236,289,9,0.5488489866256714,True,3,0.039000000804662704,0,0,20.632699966430664,0.275299996137619,19.51740074157715,0.09449999779462814,1.8127000331878662,0.275299996137619,-0.5626000165939331,0.09449999779462814,1.8664000034332275,0.2892000079154968,-0.38199999928474426,0.09449999779462814,1.9142999649047852,0.3262999951839447,-0.5669000148773193,0.09880000352859497,0,0,0,0,20.273000717163086,5.139100074768066,56.62839889526367,4.928880214691162,1583.239990234375,3167.929931640625,1583.530029296875,3168.330078125,7.617000102996826,10.319000244140625,0.003000000026077032,0.004000000189989805,0.6891999840736389,0.9805999994277954,0.27129998803138733,0.16590000689029694,47.77000045776367,42.41999816894531,-11.779999732971191,-11.779999732971191,9.739970207214355,2.23432993888855,3.5,0.001104000024497509,0.0008040000102482736,3.5,0.0006629999843426049,0.0005530000198632479,107.5,85.5,0.5720000267028809,0.9100000262260437,0.5699999928474426,0.949999988079071,0.8299999833106995,0.17000000178813934,0.14000000059604645,C,1,2,6379219276966924288,6379219276966924388+6383547040633193129,1,2,6379219276966924288,6379219276966924388+6383547040633193129,6379219276966924388+6383547040633193129,N,0.0
1.31655,0.085592,0.111586,0.013908,39627788335975931,215.12365289121297,0.034299359123966866,1.1207,QSO,-0.0055388860841352194,0.004684153420053063,1.9117145351084264e-05,45.07822465957489,True,108042151236371620,215.12365435166,0.03430293584,0.003000000026077032,0.003000000026077032,90.0,1376,7,436527256,52,0.00273102485,0.00269255576,56119.222472986,5,65,14,10,20,11,10,0.9997169971466064,19.608400344848633,0.019300000742077827,0.05649999901652336,12,19.538799285888672,19.73270034790039,19.68910026550293,0.03480000048875809,115000,0.999675989151001,19.370500564575195,0.015200000256299973,0.17839999496936798,9,19.314199447631836,19.843399047851562,19.49329948425293,0.03550000116229057,115000,0.9992009997367859,19.36720085144043,0.014399999752640724,0.06210000067949295,18,19.25,19.45050048828125,19.42889976501465,0.02239999920129776,115000,0.9996449947357178,19.56100082397461,0.014600000344216824,0.09700000286102295,10,19.50550079345703,19.808700561523438,19.62660026550293,0.024700000882148743,115000,0.998835027217865,19.407499313354492,0.03779999911785126,0.125900000333786,9,19.312599182128906,19.72920036315918,19.547000885009766,0.056699998676776886,115000,J142029.67+000203.5,215.123625,0.034313,18.884000778198242,18.658000946044922,,17.141000747680664,0.07500000298023224,0.10400000214576721,,0.09200000017881393,433861360758,2,2008.369140625,0,J142029.68+000203.5,215.123674,0.03431,0.12800000607967377,0.11999999731779099,85.0,15.91100025177002,14.555000305175781,11.791000366210938,8.788000106811523,,,,0.05400000140070915,0.057999998331069946,0.20000000298023224,,,,,2147100001241019588,0000,0,11nn,AABU,,215.123841,0.034613,GALEX J142029.7+000204,6379219276966924388,6379219276963774464,AIS,214.984105,-0.49615,135.0,135.0,344.8874,55.4781,50236,289,9,0.5488489866256714,True,3,0.039000000804662704,0,0,20.632699966430664,0.275299996137619,19.51740074157715,0.09449999779462814,1.8127000331878662,0.275299996137619,-0.5626000165939331,0.09449999779462814,1.8664000034332275,0.2892000079154968,-0.38199999928474426,0.09449999779462814,1.9142999649047852,0.3262999951839447,-0.5669000148773193,0.09880000352859497,0,0,0,0,20.273000717163086,5.139100074768066,56.62839889526367,4.928880214691162,1583.239990234375,3167.929931640625,1583.530029296875,3168.330078125,7.617000102996826,10.319000244140625,0.003000000026077032,0.004000000189989805,0.6891999840736389,0.9805999994277954,0.27129998803138733,0.16590000689029694,47.77000045776367,42.41999816894531,-11.779999732971191,-11.779999732971191,9.739970207214355,2.23432993888855,3.5,0.001104000024497509,0.0008040000102482736,3.5,0.0006629999843426049,0.0005530000198632479,107.5,85.5,0.5720000267028809,0.9100000262260437,0.5699999928474426,0.949999988079071,0.8299999833106995,0.17000000178813934,0.14000000059604645,C,1,2,6379219276966924288,6379219276966924388+6383547040633193129,1,2,6379219276966924288,6379219276966924388+6383547040633193129,6379219276966924388+6383547040633193129,N,0.0
1.31655,0.085592,0.125595,0.013908,39627788335975931,215.12365289121297,0.034299359123966866,1.1207,QSO,-0.0055388860841352194,0.004684153420053063,1.9117145351084264e-05,45.07822465957489,True,108042151236371620,215.12365435166,0.03430293584,0.003000000026077032,0.003000000026077032,90.0,1376,7,436527256,52,0.00273102485,0.00269255576,56119.222472986,5,65,14,10,20,11,10,0.9997169971466064,19.608400344848633,0.019300000742077827,0.05649999901652336,12,19.538799285888672,19.73270034790039,19.68910026550293,0.03480000048875809,115000,0.999675989151001,19.370500564575195,0.015200000256299973,0.17839999496936798,9,19.314199447631836,19.843399047851562,19.49329948425293,0.03550000116229057,115000,0.9992009997367859,19.36720085144043,0.014399999752640724,0.06210000067949295,18,19.25,19.45050048828125,19.42889976501465,0.02239999920129776,115000,0.9996449947357178,19.56100082397461,0.014600000344216824,0.09700000286102295,10,19.50550079345703,19.808700561523438,19.62660026550293,0.024700000882148743,115000,0.998835027217865,19.407499313354492,0.03779999911785126,0.125900000333786,9,19.312599182128906,19.72920036315918,19.547000885009766,0.056699998676776886,115000,J142029.66+000203.5,215.123619,0.034308,18.909000396728516,18.958999633789062,18.211000442504883,17.586000442504883,0.03799999877810478,0.10100000351667404,0.11699999868869781,0.13500000536441803,433861076630,1,2005.450439453125,0,J142029.68+000203.5,215.123674,0.03431,0.12800000607967377,0.11999999731779099,85.0,15.91100025177002,14.555000305175781,11.791000366210938,8.788000106811523,,,,0.05400000140070915,0.057999998331069946,0.20000000298023224,,,,,2147100001241019588,0000,0,11nn,AABU,,215.123841,0.034613,GALEX J142029.7+000204,6379219276966924388,6379219276963774464,AIS,214.984105,-0.49615,135.0,135.0,344.8874,55.4781,50236,289,9,0.5488489866256714,True,3,0.039000000804662704,0,0,20.632699966430664,0.275299996137619,19.51740074157715,0.09449999779462814,1.8127000331878662,0.275299996137619,-0.5626000165939331,0.09449999779462814,1.8664000034332275,0.2892000079154968,-0.38199999928474426,0.09449999779462814,1.9142999649047852,0.3262999951839447,-0.5669000148773193,0.09880000352859497,0,0,0,0,20.273000717163086,5.139100074768066,56.62839889526367,4.928880214691162,1583.239990234375,3167.929931640625,1583.530029296875,3168.330078125,7.617000102996826,10.319000244140625,0.003000000026077032,0.004000000189989805,0.6891999840736389,0.9805999994277954,0.27129998803138733,0.16590000689029694,47.77000045776367,42.41999816894531,-11.779999732971191,-11.779999732971191,9.739970207214355,2.23432993888855,3.5,0.001104000024497509,0.0008040000102482736,3.5,0.0006629999843426049,0.0005530000198632479,107.5,85.5,0.5720000267028809,0.9100000262260437,0.5699999928474426,0.949999988079071,0.8299999833106995,0.17000000178813934,0.14000000059604645,C,1,2,6379219276966924288,6379219276966924388+6383547040633193129,1,2,6379219276966924288,6379219276966924388+6383547040633193129,6379219276966924388+6383547040633193129,N,0.0
1.769662,1.344919,0.23627,0.285344,39627836721466661,219.17069165711484,2.061248422446034,0.491,QSO,,,,43.867340134884884,True,110472191707213954,219.17076584066,2.06122037935,0.00800000037997961,0.00800000037997961,90.0,1377,57,444915712,53,0.00778735109,0.00778735109,56062.373514434,5,18,1,4,4,8,1,0.9990010261535645,21.234800338745117,0.1356000006198883,,1,21.234800338745117,21.234800338745117,,,115000,0.9993910193443298,20.809499740600586,0.020899999886751175,0.04830000177025795,3,20.7632999420166,20.85919952392578,20.59429931640625,0.059700001031160355,16892216,0.9985420107841492,20.165000915527344,0.016899999231100082,0.2971999943256378,3,19.74530029296875,20.18320083618164,19.717500686645508,0.20669999718666077,16892216,0.999625027179718,19.59429931640625,0.05480000004172325,0.13359999656677246,7,19.33180046081543,19.73819923400879,19.24139976501465,0.08649999648332596,16892216,0.9985830187797546,18.798900604248047,0.09969999641180038,,1,18.798900604248047,18.798900604248047,18.67650032043457,0.13580000400543213,16892208,J143640.98+020340.5,219.170756,2.061261,,18.381000518798828,17.506000518798828,,,0.07500000298023224,0.08100000023841858,,433850440238,1,2008.38037109375,1,J143641.04+020339.8,219.171026,2.061081,0.12999999523162842,0.11999999731779099,85.0,15.102999687194824,13.845999717712402,9.788999557495117,6.925000190734863,,,,0.035999998450279236,0.03799999877810478,0.03500000014901161,0.06499999761581421,,,,2193101501241037935,0000,0,1111,AAAA,,219.171179,2.06118,GALEX J143641.0+020340,6383547017008777641,6383547017007726592,AIS,219.606624,2.001324,112.0,112.0,352.5717,54.4555,50359,2145,67,0.43926799297332764,True,1,0.040699999779462814,0,0,,,21.895299911499023,0.3880999982357025,,,1.8152999877929688,0.3880999982357025,,,1.7897000312805176,0.35190001130104065,,,2.0720999240875244,0.76910001039505,0,0,0,0,,,6.336730003356934,2.26459002494812,,,2975.2099609375,2050.889892578125,,6.0289998054504395,,0.003000000026077032,0.9803000092506409,0.0,0.3878999948501587,,41.029998779296875,42.880001068115234,,,3.811460018157959,1.18271005153656,3.5,0.0007379999733529985,0.00045200000749900937,,,,99.80000305175781,111.4000015258789,,,1.2799999713897705,,,0.49000000953674316,,C,0,1,6383547017008777216,6383547017008777641,0,1,6383547017008777216,6383547017008777641,6383547017008777641,N,0.0
1.769662,1.344919,1.106368,0.285344,39627836721466661,219.17069165711484,2.061248422446034,0.491,QSO,,,,43.867340134884884,True,110472191707213954,219.17076584066,2.06122037935,0.00800000037997961,0.00800000037997961,90.0,1377,57,444915712,53,0.00778735109,0.00778735109,56062.373514434,5,18,1,4,4,8,1,0.9990010261535645,21.234800338745117,0.1356000006198883,,1,21.234800338745117,21.234800338745117,,,115000,0.9993910193443298,20.809499740600586,0.020899999886751175,0.04830000177025795,3,20.7632999420166,20.85919952392578,20.59429931640625,0.059700001031160355,16892216,0.9985420107841492,20.165000915527344,0.016899999231100082,0.2971999943256378,3,19.74530029296875,20.18320083618164,19.717500686645508,0.20669999718666077,16892216,0.999625027179718,19.59429931640625,0.05480000004172325,0.13359999656677246,7,19.33180046081543,19.73819923400879,19.24139976501465,0.08649999648332596,16892216,0.9985830187797546,18.798900604248047,0.09969999641180038,,1,18.798900604248047,18.798900604248047,18.67650032043457,0.13580000400543213,16892208,J143641.03+020340.1,219.170979,2.061139,18.649999618530273,18.485000610351562,17.667999267578125,16.64900016784668,0.0560000017285347,0.0820000022649765,0.09399999678134918,0.061000000685453415,433850440208,1,2008.3802490234375,1,J143641.04+020339.8,219.171026,2.061081,0.12999999523162842,0.11999999731779099,85.0,15.102999687194824,13.845999717712402,9.788999557495117,6.925000190734863,,,,0.035999998450279236,0.03799999877810478,0.03500000014901161,0.06499999761581421,,,,2193101501241037935,0000,0,1111,AAAA,,219.171179,2.06118,GALEX J143641.0+020340,6383547017008777641,6383547017007726592,AIS,219.606624,2.001324,112.0,112.0,352.5717,54.4555,50359,2145,67,0.43926799297332764,True,1,0.040699999779462814,0,0,,,21.895299911499023,0.3880999982357025,,,1.8152999877929688,0.3880999982357025,,,1.7897000312805176,0.35190001130104065,,,2.0720999240875244,0.76910001039505,0,0,0,0,,,6.336730003356934,2.26459002494812,,,2975.2099609375,2050.889892578125,,6.0289998054504395,,0.003000000026077032,0.9803000092506409,0.0,0.3878999948501587,,41.029998779296875,42.880001068115234,,,3.811460018157959,1.18271005153656,3.5,0.0007379999733529985,0.00045200000749900937,,,,99.80000305175781,111.4000015258789,,,1.2799999713897705,,,0.49000000953674316,,C,0,1,6383547017008777216,6383547017008777641,0,1,6383547017008777216,6383547017008777641,6383547017008777641,N,0.0
1.769662,1.344919,0.23627,1.397078,39627836721466661,219.17069165711484,2.061248422446034,0.491,QSO,,,,43.867340134884884,True,110472191710463769,219.17103974617,2.06107639171,0.004000000189989805,0.004000000189989805,90.0,1377,57,310697984,37,0.00449982347,0.00449982347,56022.488125742,0,46,9,11,12,6,8,0.9997619986534119,21.026500701904297,0.05939999967813492,0.14910000562667847,9,20.930400848388672,21.319599151611328,20.793899536132812,0.07609999924898148,16777496,0.9996979832649231,20.36359977722168,0.05350000038743019,0.14730000495910645,8,20.20039939880371,20.630399703979492,19.781299591064453,0.057500001043081284,16777496,0.9996479749679565,19.719200134277344,0.05119999870657921,0.19449999928474426,12,19.28499984741211,19.969499588012695,19.125,0.019600000232458115,16777496,0.9997069835662842,19.527000427246094,0.07450000196695328,0.1500999927520752,3,19.324399948120117,19.544700622558594,18.924100875854492,0.05339999869465828,16777496,0.9996370077133179,19.36720085144043,0.10029999911785126,0.21050000190734863,8,19.09830093383789,19.620500564575195,18.863399505615234,0.10949999839067459,16777496,J143640.98+020340.5,219.170756,2.061261,,18.381000518798828,17.506000518798828,,,0.07500000298023224,0.08100000023841858,,433850440238,1,2008.38037109375,1,J143641.04+020339.8,219.171026,2.061081,0.12999999523162842,0.11999999731779099,85.0,15.102999687194824,13.845999717712402,9.788999557495117,6.925000190734863,,,,0.035999998450279236,0.03799999877810478,0.03500000014901161,0.06499999761581421,,,,2193101501241037935,0000,0,1111,AAAA,,219.171179,2.06118,GALEX J143641.0+020340,6383547017008777641,6383547017007726592,AIS,219.606624,2.001324,112.0,112.0,352.5717,54.4555,50359,2145,67,0.43926799297332764,True,1,0.040699999779462814,0,0,,,21.895299911499023,0.3880999982357025,,,1.8152999877929688,0.3880999982357025,,,1.7897000312805176,0.35190001130104065,,,2.0720999240875244,0.76910001039505,0,0,0,0,,,6.336730003356934,2.26459002494812,,,2975.2099609375,2050.889892578125,,6.0289998054504395,,0.003000000026077032,0.9803000092506409,0.0,0.3878999948501587,,41.029998779296875,42.880001068115234,,,3.811460018157959,1.18271005153656,3.5,0.0007379999733529985,0.00045200000749900937,,,,99.80000305175781,111.4000015258789,,,1.2799999713897705,,,0.49000000953674316,,C,0,1,6383547017008777216,6383547017008777641,0,1,6383547017008777216,6383547017008777641,6383547017008777641,N,0.0
1.769662,1.344919,1.106368,1.397078,39627836721466661,219.17069165711484,2.061248422446034,0.491,QSO,,,,43.867340134884884,True,110472191710463769,219.17103974617,2.06107639171,0.004000000189989805,0.004000000189989805,90.0,1377,57,310697984,37,0.00449982347,0.00449982347,56022.488125742,0,46,9,11,12,6,8,0.9997619986534119,21.026500701904297,0.05939999967813492,0.14910000562667847,9,20.930400848388672,21.319599151611328,20.793899536132812,0.07609999924898148,16777496,0.9996979832649231,20.36359977722168,0.05350000038743019,0.14730000495910645,8,20.20039939880371,20.630399703979492,19.781299591064453,0.057500001043081284,16777496,0.9996479749679565,19.719200134277344,0.05119999870657921,0.19449999928474426,12,19.28499984741211,19.969499588012695,19.125,0.019600000232458115,16777496,0.9997069835662842,19.527000427246094,0.07450000196695328,0.1500999927520752,3,19.324399948120117,19.544700622558594,18.924100875854492,0.05339999869465828,16777496,0.9996370077133179,19.36720085144043,0.10029999911785126,0.21050000190734863,8,19.09830093383789,19.620500564575195,18.863399505615234,0.10949999839067459,16777496,J143641.03+020340.1,219.170979,2.061139,18.649999618530273,18.485000610351562,17.667999267578125,16.64900016784668,0.0560000017285347,0.0820000022649765,0.09399999678134918,0.061000000685453415,433850440208,1,2008.3802490234375,1,J143641.04+020339.8,219.171026,2.061081,0.12999999523162842,0.11999999731779099,85.0,15.102999687194824,13.845999717712402,9.788999557495117,6.925000190734863,,,,0.035999998450279236,0.03799999877810478,0.03500000014901161,0.06499999761581421,,,,2193101501241037935,0000,0,1111,AAAA,,219.171179,2.06118,GALEX J143641.0+020340,6383547017008777641,6383547017007726592,AIS,219.606624,2.001324,112.0,112.0,352.5717,54.4555,50359,2145,67,0.43926799297332764,True,1,0.040699999779462814,0,0,,,21.895299911499023,0.3880999982357025,,,1.8152999877929688,0.3880999982357025,,,1.7897000312805176,0.35190001130104065,,,2.0720999240875244,0.76910001039505,0,0,0,0,,,6.336730003356934,2.26459002494812,,,2975.2099609375,2050.889892578125,,6.0289998054504395,,0.003000000026077032,0.9803000092506409,0.0,0.3878999948501587,,41.029998779296875,42.880001068115234,,,3.811460018157959,1.18271005153656,3.5,0.0007379999733529985,0.00045200000749900937,,,,99.80000305175781,111.4000015258789,,,1.2799999713897705,,,0.49000000953674316,,C,0,1,6383547017008777216,6383547017008777641,0,1,6383547017008777216,6383547017008777641,6383547017008777641,N,0.0
0.070475,0.140111,0.049069,0.005181,39627877838225923,150.98655965304286,3.633663849709921,1.3414,QSO,-0.08588831795868623,0.003816573736953238,2.079911852724974e-05,45.299306544505264,True,112361509865240846,150.98655940882,3.63366243144,0.003000000026077032,0.003000000026077032,0.0,1360,97,436527248,52,0.00326871889,0.00328557421,56151.059968612,5,72,12,17,21,13,9,0.999576985836029,19.65220069885254,0.016599999740719795,0.060600001364946365,6,19.61090087890625,19.773500442504883,19.7101993560791,0.037300001829862595,115000,0.9996070265769958,19.73240089416504,0.012400000356137753,0.07930000126361847,13,19.530899047851562,19.827899932861328,19.828100204467773,0.04540000110864639,115000,0.9993860125541687,19.691299438476562,0.018300000578165054,0.09889999777078629,16,19.47599983215332,19.91990089416504,19.75589942932129,0.05959999933838844,115000,0.9998329877853394,19.694799423217773,0.04490000009536743,0.14740000665187836,10,19.49410057067871,19.923200607299805,19.665000915527344,0.07079999893903732,115000,0.9989550113677979,19.733999252319336,0.08869999647140503,0.2549000084400177,9,19.46769905090332,20.27720069885254,19.783100128173828,0.07689999788999557,115000,J100356.77+033801.1,150.986553,3.633652,19.576000213623047,19.08799934387207,17.941999435424805,17.22100067138672,0.10100000351667404,0.09799999743700027,0.09200000017881393,0.05700000002980232,433844709973,1,2007.689453125,0,J100356.77+033801.0,150.986544,3.633628,0.3019999861717224,0.28200000524520874,83.0,15.782999992370605,14.406000137329102,11.508000373840332,8.722000122070312,,,,0.06499999761581421,0.06499999761581421,0.19300000369548798,,,,,1512103001241033808,0000,0,01nn,AABU,,150.986545,3.633677,GALEX J100356.7+033801,6382702567384680780,6382702567381532672,AIS,150.806096,3.654361,195.0,195.0,235.9095,43.6521,50335,1409,44,0.18126800656318665,True,3,0.02290000021457672,0,0,21.364500045776367,0.22499999403953552,20.94339942932129,0.16840000450611115,2.5445001125335693,0.22499999403953552,0.8633999824523926,0.16840000450611115,2.5490000247955322,0.22050000727176666,0.8237000107765198,0.148499995470047,2.423099994659424,0.23229999840259552,0.8097000122070312,0.2078000009059906,0,0,0,0,10.332099914550781,2.1409800052642822,15.227999687194824,2.3614699840545654,1499.989990234375,1877.1199951171875,1500.050048828125,1877.4300537109375,3.796999931335449,4.065999984741211,0.0020000000949949026,0.0020000000949949026,0.9871000051498413,0.9830999970436096,0.07360000163316727,0.25049999356269836,-19.940000534057617,-19.40999984741211,84.45999908447266,84.5,4.003940105438232,2.4546799659729004,3.6917901039123535,0.0006719999946653843,0.0006220000213943422,3.782560110092163,0.0006880000000819564,0.0005159999709576368,150.39999389648438,183.8000030517578,0.8169999718666077,0.5600000023841858,0.6100000143051147,1.0199999809265137,0.8799999952316284,0.20999999344348907,0.15000000596046448,C,0,1,6382702567384680448,6382702567384680780,0,1,6382702567384680448,6382702567384680780,6382702567384680780,N,0.0
0.847812,0.586473,1.542733,1.900023,39627927008055838,209.58592813736283,5.639490838639956,0.1575,GALAXY,,,,42.83729119725572,True,114762095857187281,209.58566765306,5.63903110035,0.0020000000949949026,0.0020000000949949026,90.0,1464,46,444915712,53,0.00206444364,0.00206444364,56117.943459304,5,60,11,12,13,11,13,0.9993569850921631,19.392099380493164,0.04520000144839287,0.17249999940395355,7,19.27790069580078,19.696699142456055,19.09040069580078,0.01899999938905239,16892216,0.9989809989929199,19.218399047851562,0.06239999830722809,0.13030000030994415,9,19.0231990814209,19.40730094909668,18.625499725341797,0.016599999740719795,16892216,0.9993529915809631,18.996400833129883,0.03720000013709068,0.1574999988079071,11,18.783700942993164,19.270200729370117,18.367799758911133,0.014499999582767487,16892216,0.9989349842071533,18.990800857543945,0.021199999377131462,0.07000000029802322,7,18.8617000579834,19.066099166870117,18.32740020751953,0.017000000923871994,16892216,0.9990749955177307,18.957399368286133,0.04600000008940697,0.14030000567436218,11,18.719900131225586,19.172199249267578,18.31329917907715,0.02710000053048134,16892216,J135820.58+053820.7,209.585768,5.639093,18.138999938964844,17.68199920654297,17.045000076293945,16.482999801635742,0.027000000700354576,0.03099999949336052,0.0430000014603138,0.04399999976158142,433836568121,1,2009.9300537109375,1,J135820.60+053821.6,209.585872,5.639338,0.20900000631809235,0.1940000057220459,84.0,15.4350004196167,14.850000381469727,11.211999893188477,9.0600004196167,,,,0.04100000113248825,0.06599999964237213,0.10100000351667404,0.38999998569488525,,,,2096106001241011910,0000,0,000n,AAAC,,209.585692,5.639494,GALEX J135820.5+053822,6378691538229133683,6378691538225987584,AIS,209.62077,6.078756,112.0,112.0,342.458,63.2548,50221,1089,34,0.4406450092792511,True,3,0.027400000020861626,0,0,20.990699768066406,0.26739999651908875,20.715599060058594,0.18809999525547028,2.1707000732421875,0.26739999651908875,0.6355999708175659,0.18809999525547028,2.1856000423431396,0.2711000144481659,0.7128000259399414,0.17599999904632568,2.1530001163482666,0.2992999851703644,0.5478000044822693,0.21359999477863312,0,0,0,0,14.57919979095459,3.590090036392212,18.782400131225586,3.2534499168395996,1998.6500244140625,847.8099975585938,1997.72998046875,849.010009765625,5.389999866485596,4.671000003814697,0.0020000000949949026,0.0020000000949949026,0.9829000234603882,0.9973999857902527,0.1429000049829483,0.1607999950647354,-23.670000076293945,-24.889999389648438,57.22999954223633,57.220001220703125,6.454659938812256,3.836479902267456,3.5,0.0007849999819882214,0.0006730000022798777,3.5,0.0006779999821446836,0.00056900002527982,100.5999984741211,112.4000015258789,0.09830000251531601,1.9299999475479126,0.6700000166893005,1.0199999809265137,0.9100000262260437,0.25,0.15000000596046448,C,0,1,6378691538229133312,6378691538229133683,0,1,6378691538229133312,6378691538229133683,6378691538229133683,N,0.0
1.183297,0.084795,0.123455,0.012743,39628346081936841,193.9913925336701,23.84899287147942,0.9756,QSO,0.668676776204018,0.0,2.3408799411966664e-05,45.43333113235507,True,136611939913589265,193.99139111108,23.84898957952,0.004999999888241291,0.004999999888241291,0.0,1809,92,436527104,52,0.00521641606,0.00525052731,56356.465407027,5,49,4,10,16,9,10,0.9996269941329956,21.73539924621582,0.09139999747276306,0.2660999894142151,4,21.353599548339844,21.95159912109375,21.452999114990234,0.13930000364780426,115000,0.9994000196456909,20.943599700927734,0.028599999845027924,0.09449999779462814,8,20.89349937438965,21.170299530029297,20.828899383544922,0.0608999989926815,115000,0.9996579885482788,20.032699584960938,0.0215000007301569,0.0729999989271164,11,19.932100296020508,20.176599502563477,20.0935001373291,0.03200000151991844,115000,0.9989950060844421,19.40130043029785,0.027499999850988388,0.1770000010728836,7,19.00200080871582,19.543699264526367,19.46430015563965,0.06469999998807907,115000,0.9987199902534485,19.073200225830078,0.050700001418590546,0.13819999992847443,9,18.916400909423828,19.32659912109375,19.00160026550293,0.07479999959468842,115000,J125557.93+235056.2,193.991387,23.848959,18.46500015258789,17.731000900268555,17.201000213623047,16.216999053955078,0.041999999433755875,0.0430000014603138,0.04699999839067459,0.032999999821186066,433802106274,1,2010.146240234375,0,J125557.93+235056.4,193.99141,23.84901,0.11800000071525574,0.1120000034570694,102.0,14.645000457763672,13.331999778747559,10.26200008392334,7.96999979019165,,,,0.028999999165534973,0.03099999949336052,0.06599999964237213,0.1860000044107437,,,,1932124201241014424,0000,0,111n,AAAB,,193.991745,23.848929,GALEX J125558.0+235056,6378621143713060124,6378621143712006144,AIS,193.978794,23.45167,198.0,310.0,320.4913,86.5651,50219,321,10,0.3974359929561615,True,1,0.015399999916553497,0,0,,,22.788999557495117,0.4142000079154968,,,2.7090001106262207,0.4142000079154968,,,2.7070999145507812,0.39890000224113464,,,3.420599937438965,1.3801000118255615,0,0,0,0,,,2.7822999954223633,1.0612000226974487,,,1898.1600341796875,2886.72998046875,,7.63700008392334,,0.003000000026077032,0.9519000053405762,0.0,0.49810001254081726,,65.22000122070312,65.97000122070312,,,3.2987799644470215,0.5299080014228821,3.5,0.0007510000141337514,0.0003769999893847853,,,,263.70001220703125,178.5,,,1.2699999809265137,,,0.5299999713897705,,C,0,1,6378621143713059840,6378621143713060124,0,1,6378621143713059840,6378621143713060124,6378621143713060124,N,0.0
1.156645,0.302021,0.140496,0.007288,39628379145637914,196.26523931296205,25.143506162145663,0.6887,QSO,0.6907264471767534,0.0,1.7274972020818454e-05,44.65645983637573,True,138171962652702754,196.26523740404,25.14350510729,0.003000000026077032,0.003000000026077032,90.0,1893,27,436527232,52,0.00344057551,0.00342480828,56082.082246474,5,52,6,10,13,14,9,0.999426007270813,21.624300003051758,0.04580000042915344,0.1039000004529953,5,21.468799591064453,21.7593994140625,21.64620018005371,0.09139999747276306,115000,0.9992629885673523,20.362499237060547,0.031199999153614044,0.125,9,20.32309913635254,20.584400177001953,20.45050048828125,0.052000001072883606,115000,0.9993600249290466,19.629100799560547,0.0215000007301569,0.05920000001788139,13,19.563100814819336,19.750900268554688,19.66230010986328,0.023800000548362732,115000,0.9990289807319641,19.182199478149414,0.0210999995470047,0.13079999387264252,13,19.06909942626953,19.54129981994629,19.235000610351562,0.03290000185370445,115000,0.999101996421814,19.08449935913086,0.019200000911951065,0.08489999920129776,9,19.037399291992188,19.287099838256836,19.0856990814209,0.049400001764297485,115000,J130503.66+250836.6,196.26528,25.143519,18.59000015258789,17.922000885009766,17.118000030517578,16.31599998474121,0.04899999871850014,0.05900000035762787,0.035999998450279236,0.03099999949336052,433800779713,1,2010.163330078125,0,J130503.63+250836.7,196.265153,25.143538,0.164000004529953,0.15399999916553497,94.0,14.956000328063965,13.916000366210938,11.689000129699707,8.359000205993652,,,,0.03500000014901161,0.041999999433755875,0.2639999985694885,,,,,1966125701241004643,d000,0,11nn,AABU,,196.265122,25.143203,GALEX J130503.6+250835,6378621150155509306,6378621150154457088,AIS,196.044917,25.051277,177.0500030517578,287.1000061035156,0.6987,86.3549,50219,513,16,0.21958400309085846,True,1,0.015300000086426735,0,0,,,22.580699920654297,0.45399999618530273,,,2.500699996948242,0.45399999618530273,,,2.985100030899048,0.49540001153945923,,,2.6967999935150146,0.7143999934196472,0,0,0,0,,,3.3708200454711914,1.4091399908065796,,,1437.449951171875,2133.81005859375,,4.9029998779296875,,0.0020000000949949026,0.8468999862670898,0.0,0.2971999943256378,,-53.349998474121094,-53.779998779296875,,,0.0,145.03500366210938,5.854060173034668,0.0005489999894052744,0.0003859999997075647,,,,225.60000610351562,157.5,,,1.5700000524520874,,,0.6100000143051147,,C,0,1,6378621150155509760,6378621150155509306,0,1,6378621150155509760,6378621150155509306,6378621150155509306,N,0.0
0.367409,0.361306,0.167593,0.005933,39628465162420776,194.61947405719494,29.2057917877137,1.2561,QSO,-0.016756255233701167,0.004975985146103777,2.9931893687868837e-05,45.37891355864604,True,143041946195147525,194.61947216919,29.20579179781,0.003000000026077032,0.003000000026077032,90.0,1973,37,1510269080,180,0.00264642039,0.00255481478,56174.380834461,10,82,17,19,20,16,10,0.9998530149459839,20.242399215698242,0.04729999974370003,0.14470000565052032,14,19.995899200439453,20.459999084472656,20.290599822998047,0.04179999977350235,115000,0.9993640184402466,19.816699981689453,0.012900000438094139,0.06650000065565109,11,19.72719955444336,19.903799057006836,19.76740074157715,0.04270000010728836,115000,0.9994109869003296,19.928699493408203,0.03500000014901161,0.13729999959468842,13,19.76810073852539,20.29560089111328,19.91309928894043,0.043800000101327896,115000,0.9990530014038086,19.83370018005371,0.09130000323057175,0.2621000111103058,13,19.474599838256836,20.305299758911133,19.66950035095215,0.056699998676776886,115000,0.9988440275192261,19.53459930419922,0.062199998646974564,0.22540000081062317,10,19.28230094909668,19.96649932861328,19.53030014038086,0.13740000128746033,115000,J125828.68+291220.8,194.619527,29.205787,19.018999099731445,18.670000076293945,17.864999771118164,17.190000534057617,0.05400000140070915,0.07199999690055847,0.07999999821186066,0.08699999749660492,433795993674,1,2010.119384765625,1,J125828.70+291220.7,194.619585,29.205764,0.22699999809265137,0.20800000429153442,74.0,15.642999649047852,14.190999984741211,11.255000114440918,8.543000221252441,,,,0.052000001072883606,0.04899999871850014,0.12600000202655792,0.3240000009536743,,,,1954128701241023453,0000,0,210n,AABB,,194.619568,29.205852,GALEX J125828.6+291221,6374891681878118197,6374891681874968576,AIS,194.93345,28.909919,136.0,136.0,86.5872,87.4069,50113,2753,86,0.4035550057888031,True,3,0.010900000110268593,0,0,21.024900436401367,0.3077999949455261,20.380399703979492,0.14139999449253082,2.204900026321411,0.3077999949455261,0.3003999888896942,0.14139999449253082,2.3680999279022217,0.32019999623298645,0.35120001435279846,0.133200004696846,2.265899896621704,0.33640000224113464,0.34200000762939453,0.16859999299049377,0,0,0,0,14.126199722290039,4.003429889678955,25.5757999420166,3.3296399116516113,2580.659912109375,2626.1298828125,2579.929931640625,2625.969970703125,10.78600025177002,4.684999942779541,0.004000000189989805,0.0020000000949949026,0.9835000038146973,0.977400004863739,0.1005999967455864,0.2770000100135803,-42.779998779296875,-66.5199966430664,-28.709999084472656,-28.809999465942383,10.779899597167969,3.66582989692688,3.5,0.0007910000276751816,0.0007110000005923212,3.5,0.0008820000221021473,0.0006380000268109143,114.4000015258789,98.5,0.37599998712539673,1.4500000476837158,0.5799999833106995,1.2699999809265137,1.059999942779541,0.17000000178813934,0.20999999344348907,C,0,1,6374891681878118400,6374891681878118197,0,1,6374891681878118400,6374891681878118197,6374891681878118197,N,0.0
1.726725,0.191554,0.11116,0.060158,39628481759283375,250.96912936847593,30.053564101208366,1.386,QSO,0.1512254543927134,0.014536098979412854,4.319821148857542e-05,44.946579052241724,True,144062509691474917,250.96912507652,30.05358039368,0.010999999940395355,0.010999999940395355,90.0,1985,54,436527232,52,0.01057486968,0.01057486968,55707.576289783,5,36,9,13,11,3,0,0.9992039799690247,21.71419906616211,0.09149999916553497,0.2750999927520752,9,21.36400032043457,22.187700271606445,21.9064998626709,0.08910000324249268,115000,0.9989799857139587,21.302400588989258,0.04899999871850014,0.1266999989748001,13,21.126699447631836,21.52869987487793,21.355199813842773,0.11760000139474869,115000,0.99931401014328,21.26930046081543,0.05869999900460243,0.19439999759197235,11,21.007299423217773,21.620899200439453,21.17340087890625,0.10920000076293945,115000,0.9980800151824951,20.438800811767578,0.041600000113248825,0.06109999865293503,2,20.40880012512207,20.49209976196289,19.61639976501465,0.19939999282360077,16892216,,,,,0,,,,,114720,J164352.59+300312.9,250.969131,30.053595,20.410999298095703,19.69499969482422,18.694000244140625,18.156999588012695,0.2160000056028366,0.14100000262260437,0.125,0.17000000178813934,433795214576,1,2007.8477783203125,1,J164352.58+300312.9,250.969093,30.053607,0.8640000224113464,0.7649999856948853,83.0,17.46299934387207,15.97700023651123,12.704000473022461,9.373000144958496,,,,0.1809999942779541,0.17100000381469727,0.39500001072883606,,,,,2504130201241014852,0000,0,nnnn,BBCU,,250.969455,30.053952,GALEX J164352.6+300314,6371478755907473750,6371478755906420736,AIS,251.50027,29.766692,95.0,191.0,50.821,39.4438,50016,1505,47,0.5424219965934753,True,1,0.0272000003606081,0,0,,,22.341899871826172,0.3939000070095062,,,2.261899948120117,0.3939000070095062,,,2.5450000762939453,0.4537999927997589,,,2.2576000690460205,0.6115000247955322,0,1,0,0,,,4.199820041656494,1.5233700275421143,,,2994.7900390625,2647.110107421875,,8.690999984741211,,0.004000000189989805,0.9776999950408936,0.0,0.5504000186920166,,57.86000061035156,56.650001525878906,,,0.0,164.48300170898438,3.5,0.000901999999769032,0.00040600000647827983,,,,161.8000030517578,58.70000076293945,,,1.7999999523162842,,,0.6899999976158142,,C,0,1,6371478755907473408,6371478755907473750,0,1,6371478755907473408,6371478755907473750,6371478755907473750,N,0.0
0.807207,0.3317,0.055863,0.055863,39628512595806756,226.42274553621866,31.49855279283787,1.1391,QSO,0.11578321257479463,0.0,4.792002790797999e-05,44.539967364521104,True,145792264229138873,226.42275715691,31.49856473502,0.014999999664723873,0.014999999664723873,90.0,1980,88,436527232,52,0.0152385525,0.0152385525,56023.639899032,8,23,8,6,8,1,0,0.9995920062065125,21.791900634765625,0.10130000114440918,0.37310001254081726,8,21.27560043334961,22.28230094909668,21.55109977722168,0.13809999823570251,115000,0.9993100166320801,21.220399856567383,0.048700001090765,0.21549999713897705,6,21.066200256347656,21.661500930786133,21.27989959716797,0.0778999999165535,115000,0.9996960163116455,21.20240020751953,0.04490000009536743,0.2134000062942505,8,21.105300903320312,21.629499435424805,21.158000946044922,0.120899997651577,115000,0.9996960163116455,21.001100540161133,0.19539999961853027,,1,21.001100540161133,21.001100540161133,,,115000,,,,,0,,,,,16416,J150541.46+312954.8,226.422761,31.498561,,,,17.993999481201172,,,,0.1720000058412552,433793842270,1,2009.595458984375,1,J150541.47+312954.5,226.422824,31.498489,0.4399999976158142,0.3919999897480011,74.0,17.062999725341797,15.807999610900879,13.164999961853027,9.194000244140625,,,,0.08500000089406967,0.10199999809265137,0.39100000262260437,,,,,2258131801241015208,0000,0,01nn,AACU,,226.422536,31.498417,GALEX J150541.4+312954,6379254487106721520,6379254487105667072,AIS,226.726441,31.071758,186.0,342.0,49.5868,60.5254,50237,1057,33,0.4994890093803406,True,1,0.017999999225139618,0,0,,,21.913999557495117,0.20000000298023224,,,1.8339999914169312,0.20000000298023224,,,1.7043999433517456,0.15469999611377716,,,1.72160005569458,0.2549999952316284,0,1,0,0,,,6.228650093078613,1.1469999551773071,,,2551.010009765625,2934.340087890625,,4.886000156402588,,0.0020000000949949026,0.9800999760627747,0.0,0.04820000007748604,,-83.7300033569336,-81.7699966430664,,,9.413100242614746,21.180999755859375,3.5,0.0006709999870508909,0.0006389999762177467,,,,283.8999938964844,148.8000030517578,,,0.6899999976158142,,,0.28999999165534973,,C,0,1,6379254487106721792,6379254487106721520,0,1,6379254487106721792,6379254487106721520,6379254487106721520,N,0.0
0.977812,0.046862,0.127767,0.013983,39628527561083170,194.5707544042593,32.19818842275671,0.8971,QSO,,,,45.52957870448536,True,146631945708358432,194.57075777052,32.19818578209,0.00800000037997961,0.00800000037997961,90.0,2050,4,436527232,52,0.00779318582,0.00779318582,56327.525689962,5,62,9,19,19,9,6,0.9991959929466248,21.75309944152832,0.09669999778270721,0.2547000050544739,8,21.390499114990234,22.17259979248047,21.92300033569336,0.2531000077724457,115000,0.9996399879455566,21.4197998046875,0.0357000008225441,0.16979999840259552,19,21.05459976196289,21.59320068359375,21.353500366210938,0.0746999979019165,115000,0.9993849992752075,20.763099670410156,0.028300000354647636,0.15150000154972076,19,20.361000061035156,20.947799682617188,20.680400848388672,0.05900000035762787,115000,0.9996690154075623,20.44580078125,0.03200000151991844,0.08179999887943268,8,20.335100173950195,20.559799194335938,20.292299270629883,0.11739999800920486,115000,0.9988539814949036,19.51919937133789,0.044199999421834946,0.16349999606609344,6,19.34709930419922,19.792200088500977,19.591999053955078,0.09799999743700027,115000,J125816.99+321153.4,194.570794,32.198177,19.726999282836914,18.344999313354492,17.57699966430664,16.10300064086914,0.11100000143051147,0.057999998331069946,0.06700000166893005,0.02800000086426735,433793425887,1,2010.280517578125,0,J125816.98+321153.4,194.570767,32.198181,0.09000000357627869,0.08900000154972076,71.0,14.01200008392334,12.60200023651123,9.743000030517578,7.361999988555908,,,,0.02800000086426735,0.024000000208616257,0.035999998450279236,0.10300000011920929,,,,1941131801241028862,0000,0,0000,AAAA,,194.571013,32.198349,GALEX J125817.0+321154,6374891635705123220,6374891635704070144,AIS,194.692901,31.839426,105.0,211.3000030517578,107.0001,84.7165,50113,1377,43,0.37350499629974365,True,1,0.013500000350177288,0,0,,,22.588899612426758,0.37709999084472656,,,2.5088999271392822,0.37709999084472656,,,2.685699939727783,0.45660001039505005,,,2.5423998832702637,0.7142999768257141,0,0,0,0,,,3.3452799320220947,1.1614999771118164,,,2187.2900390625,2772.4599609375,,6.85099983215332,,0.003000000026077032,0.9660999774932861,0.0,0.3059000074863434,,73.2699966430664,77.70999908447266,,,0.1745080053806305,18.817899703979492,3.5,0.0005740000051446259,0.0003980000037699938,,,,185.60000610351562,109.0,,,1.149999976158142,,,0.46000000834465027,,C,0,1,6374891635705122816,6374891635705123220,0,1,6374891635705122816,6374891635705123220,6374891635705123220,N,0.0
