TARGETID,RA,DEC,Z,SPECTYPE,EBV,EBV_ERR,MAD,SIXMICRON_LUM,EDR?,JNAME,ra_x,dec_x,errHalfMaj,errHalfMin,errPosAng,W1mag,W2mag,W3mag,W4mag,Jmag,Hmag,Kmag,e_W1mag,e_W2mag,e_W3mag,e_W4mag,e_Jmag,e_Hmag,e_Kmag,cntr,cc_flags,ext_flg,var_flg,ph_qual,r_2mass,angDist,objID,RAJ2000,DEJ2000,errHalfMaj_x,errHalfMin_x,errPosAng_x,cell,sky,f_objID,Qual,e_RAJ2000,e_DEJ2000,Epoch,Ns,Nd,Ng,Nr,Ni,Nz,Ny,gPSFf,gmag,e_gmag,gmagStd,o_gmag,b_gmag_x,B_gmag_xa,gKmag,e_gKmag,gFlags,rPSFf,rmag,e_rmag,rmagStd,o_rmag,b_rmag_x,B_rmag_xa,rKmag,e_rKmag,rFlags,iPSFf,imag,e_imag,imagStd,o_imag,b_imag_x,B_imag_xa,iKmag,e_iKmag,iFlags,zPSFf,zmag,e_zmag,zmagStd,o_zmag,b_zmag_x,B_zmag_xa,zKmag,e_zKmag,zFlags,yPSFf,ymag,e_ymag,ymagStd,o_ymag,b_ymag_x,B_ymag_xa,yKmag,e_yKmag,yFlags,angDist_x,RAJ2000_x,DEJ2000_x,name,objid_x,phID,Cat,RAfdeg,DEfdeg,FUVexp,NUVexp,GLON,GLAT,tile,img,sv,r.fov,Obs,b,E(B-V),Sp?,chkf,FUVmag,e_FUVmag,NUVmag,e_NUVmag,FUV.a,e_FUV.a,NUV.a,e_NUV.a,FUV.4,e_FUV.4,NUV.4,e_NUV.4,FUV.6,e_FUV.6,NUV.6,e_NUV.6,Fafl,Nafl,Fexf,Nexf,Fflux,e_Fflux,Nflux,e_Nflux,FXpos,FYpos,NXpos,NYpos,Fima,Nima,Fr,Nr_x,nS/G,fS/G,nell,fell,nPA,e_nPA,fPA,e_fPA,Fnr,F3r,Nar,Narms,Nbrms,Far,Farms,Fbrms,w_NUV,w_FUV,Prob,Sep,Nerr,Ferr,Ierr,Nperr,Fperr,CV,G,N,primid,groupid,Gd,Nd_x,primidd,groupidd,grouptot,OName,Size,angDist_xa
39627751497401912,179.32973373931003,-1.4582813772798109,1.3112,QSO,-0.02155395521484449,0.004490044686165169,2.3475532185119494E-5,45.07751387224435,true,J115719.14-012729.6,179.329788,-1.458238,0.343,0.31,70.0,16.009,14.608,12.144,8.586,,,,0.075,0.072,0.349,0.378,,,,1800001601241020351,0000,0,01nn,AABC,,0.250347,106251793297490521,179.32973736128,-1.45828263968,0.003,0.003,90.0,1277,66,436527256,52,0.00306942623,0.00301241677,56022.882691323,5,56,7,11,16,14,8,0.99924,20.0053,0.0027,0.0803,4,19.8746,20.013,20.1298,0.0483,115000,0.998979,19.5925,0.0101,0.0589,6,19.608,19.6643,19.4774,0.0395,115000,0.999665,19.5628,0.0372,0.1577,15,19.3909,19.9838,19.6378,0.0367,115000,0.999359,19.6023,0.0459,0.1813,10,19.4568,19.9426,19.5696,0.0678,115000,0.998648,19.5869,0.0568,0.2174,8,19.4434,20.0348,19.5324,0.0525,115000,0.242975,179.329886,-1.458247,GALEX J115719.1-012729,6382596970242901501,6382596970241851392,AIS,178.975111,-1.212785,187.0,299.0,276.2733,58.5841,50332,97,3,0.431334,true,1,0.0198,0,0,,,20.342,0.0941,,,0.262,0.0941,,,0.3042,0.0871,,,0.2608,0.1077,0,0,0,0,,,26.4973,2.29535,,,1075.16,1327.81,,4.494,,0.002,0.9835,0.0,0.1139,,-58.5,-68.43,,,10.9732,,3.5,8.11E-4,7.18E-4,,,,242.2,149.6,,,0.54,,,0.15,,C,0,1,6382596970242900992,6382596970242901501,0,1,6382596970242900992,6382596970242901501,6382596970242901501,N,0.0,0.353471
39627752067828959,213.38838906796622,-1.4199210425120636,0.6794,QSO,0.043902415787113735,0.005178780794029923,1.9678258886814096E-5,44.43065875662721,true,J141333.22-012511.6,213.388449,-1.4199,0.209,0.195,86.0,15.645,14.482,12.071,8.881,,,,0.043,0.054,0.236,0.283,,,,2132001601241019338,0000,0,15nn,AABB,,0.22771,106292133884466481,213.38838741935,-1.41992430354,0.002,0.002,90.0,1285,61,436527256,52,0.00202690777,0.00197526034,55961.564511388,5,79,16,11,20,16,16,0.999675,19.0846,0.0384,0.1255,14,18.904,19.3095,19.176,0.0483,115000,0.998914,18.9995,0.0234,0.1526,7,18.9201,19.3268,19.0362,0.0177,115000,0.999288,19.1904,0.02,0.0958,12,19.175,19.3908,19.1675,0.0262,115000,0.999152,18.8839,0.0222,0.2017,15,18.3209,19.2094,18.962,0.0306,115000,0.999619,19.0856,0.0309,0.1505,16,18.8548,19.3342,19.0442,0.0521,115000,0.238268,213.38858,-1.419687,GALEX J141333.2-012510,6379219287702243017,6379219287701192704,AIS,213.445109,-1.371782,71.0,71.0,340.918,55.2769,50236,609,19,0.074085,true,1,0.0563,0,0,,,20.0732,0.1735,,,-0.0068,0.1735,,,0.1413,0.1778,,,0.0503,0.21,0,0,0,0,,,33.9403,5.42319,,,2084.77,1756.03,,6.706,,0.003,0.9836,0.0,0.1579,,-9.2,-9.06,,,10.0906,5.56437,3.5,7.65E-4,6.44E-4,,,,52.8,67.5,,,0.56,,,0.16,,C,0,1,6379219287702243328,6379219287702243017,0,1,6379219287702243328,6379219287702243017,6379219287702243017,N,0.0,0.900668
39627763644108485,183.43472499678055,-0.8992192646795754,1.3218,QSO,0.031044388845391513,0.0,3.6295430948322584E-5,45.11059435239174,true,J121344.36-005357.5,183.434855,-0.899329,0.33,0.307,86.0,15.871,14.495,11.923,8.166,,,,0.06,0.093,,,,,,1830001601241018875,0000,0,11nn,AAUU,,0.612518,106921834346801384,183.43472483626,-0.89921797848,0.005,0.005,0.0,1278,76,436527248,52,0.00455802131,0.00457748591,56042.03224293,5,55,13,11,16,12,3,0.9994,20.5864,0.0505,0.195,10,20.3466,20.9458,20.7087,0.0917,115000,0.999706,20.1656,0.0383,0.1091,11,19.9816,20.335,20.2617,0.0316,115000,0.999405,20.0367,0.0342,0.1272,13,19.844,20.3299,20.0968,0.0406,115000,0.999744,20.0653,0.0566,0.2295,11,19.7856,20.4892,20.1183,0.0685,115000,0.999299,19.739,0.1356,0.3264,3,19.6047,20.1584,19.8637,0.2072,115000,0.615844,183.43488,-0.899199,GALEX J121344.3-005357,6382597007823867995,6382597007822815232,AIS,183.081024,-1.166232,135.0,215.0,283.486,60.5414,50332,1217,38,0.443261,true,1,0.0217,0,0,,,20.8989,0.1496,,,0.8189,0.1496,,,0.8666,0.1371,,,0.9474,0.2017,0,0,0,0,,,15.8655,2.18519,,,1069.09,2584.28,,6.132,,0.003,0.9978,0.0,0.1387,,70.49,69.28,,,10.6575,5.08829,3.5,7.99E-4,6.88E-4,,,,183.1,110.1,,,0.64,,,0.24,,C,0,1,6382597007823867904,6382597007823867995,0,1,6382597007823867904,6382597007823867995,6382597007823867995,N,0.0,0.475513
39627770262716602,217.75689597823057,-0.714351394828137,0.334,QSO,0.11969541548700269,0.0,7.598239140409036E-5,43.74281082875007,true,J143101.73-004251.1,217.75724,-0.714218,0.174,0.165,84.0,15.169,14.379,11.633,8.73,,,,0.037,0.05,0.151,0.3,,,,2178100001241003466,0000,0,21nn,AABB,,1.327132,107142177569233223,217.75689475697,-0.71435118415,0.003,0.003,90.0,1286,80,436527104,52,0.0029504836,0.00294577178,56106.198522279,5,51,10,8,14,9,10,0.999668,19.778,0.1264,0.4733,9,19.5143,20.5034,19.8366,0.1191,115000,0.999658,19.4823,0.0383,0.209,7,19.374,19.8575,19.4167,0.0352,16892216,0.999613,19.5469,0.0426,0.1821,12,19.3022,19.8499,19.4319,0.0523,16892216,0.998998,18.4816,0.0654,0.169,8,18.3051,18.7273,18.4931,0.0515,115000,0.999061,19.2157,0.1195,0.2193,7,18.8359,19.4679,19.1457,0.1426,115000,1.33206,217.756909,-0.714387,GALEX J143101.6-004251,6383547044928160861,6383547044925014016,AIS,218.05984,-0.48788,112.0,112.0,347.6809,53.2761,50359,2977,93,0.378236,true,3,0.0451,0,0,20.0828,0.2017,20.3944,0.1632,1.2628,0.2017,0.3144,0.1632,1.3085,0.2104,0.385,0.1559,1.1614,0.2023,0.3083,0.1937,0,0,0,0,33.6423,6.24949,25.248,3.79506,2593.08,1404.06,2593.3,1403.67,3.62,7.548,0.002,0.003,0.9834,0.9831,0.1997,0.1159,-78.43,-78.72,84.8,84.8,5.22844,2.09753,3.5,8.08E-4,6.46E-4,3.5,6.64E-4,5.87E-4,92.3,83.2,0.747,0.54,0.61,0.77,0.67,0.21,0.09,C,0,1,6383547044928160768,6383547044928160861,0,1,6383547044928160768,6383547044928160861,6383547044928160861,N,0.0,1.336317
39627770296271222,219.7618169592097,-0.6357257230636137,0.1367,GALAXY,,,,42.755054567846685,true,J143902.88-003807.1,219.762009,-0.635316,0.086,0.083,154.0,12.911,12.54,10.72,7.946,15.272,14.574,14.011,0.023,0.025,0.069,0.144,0.093,0.121,0.098,2193100001241001836,0000,1,111n,AAAB,1.829,1.627952,107232197625048156,219.76249224045,-0.63523686868,0.001,0.001,90.0,1287,85,512024576,61,7.1453172E-4,7.1453172E-4,56108.121007343,5,71,14,15,14,15,13,0.99948,18.6187,0.0383,0.1419,14,18.4126,18.8241,17.6263,0.038,16892216,0.99961,17.7416,0.0687,0.1852,11,17.321,17.8902,16.902,0.0137,16892216,0.999091,17.4797,0.027,0.0864,11,17.3634,17.6055,16.4863,0.0224,16892216,0.99917,17.0628,0.0108,0.045,6,16.9751,17.0806,16.1155,0.0208,16892216,0.999663,17.0312,0.02,0.0877,10,16.8861,17.1733,15.9452,0.0149,16892216,1.76273,219.76241,-0.635299,GALEX J143902.9-003807,6383547042778580467,6383547042777530368,AIS,220.086794,-0.501213,119.0,119.0,350.3029,52.0514,50359,2913,91,0.350989,true,1,0.0362,0,0,,,22.1846,0.4286,,,2.1046,0.4286,,,2.428,0.5829,,,99.0,99.0,0,0,0,0,,,4.85468,1.91587,,,2705.64,1615.49,,5.017,,0.002,0.9591,0.0,0.4935,,-19.52,-18.52,,,0.0,73.8706,3.5,6.7E-4,3.39E-4,,,,97.5,86.7,,,1.47,,,0.55,,C,0,1,6383547042778579968,6383547042778580467,0,1,6383547042778579968,6383547042778580467,6383547042778580467,N,0.0,1.444694
39627788335975931,215.12365289121297,0.034299359123966866,1.1207,QSO,-0.0055388860841352194,0.004684153420053063,1.9117145351084264E-5,45.07822465957489,true,J142029.68+000203.5,215.123674,0.03431,0.128,0.12,85.0,15.911,14.555,11.791,8.788,,,,0.054,0.058,0.2,,,,,2147100001241019588,0000,0,11nn,AABU,,0.085592,108042151236371620,215.12365435166,0.03430293584,0.003,0.003,90.0,1376,7,436527256,52,0.00273102485,0.00269255576,56119.222472986,5,65,14,10,20,11,10,0.999717,19.6084,0.0193,0.0565,12,19.5388,19.7327,19.6891,0.0348,115000,0.999676,19.3705,0.0152,0.1784,9,19.3142,19.8434,19.4933,0.0355,115000,0.999201,19.3672,0.0144,0.0621,18,19.25,19.4505,19.4289,0.0224,115000,0.999645,19.561,0.0146,0.097,10,19.5055,19.8087,19.6266,0.0247,115000,0.998835,19.4075,0.0378,0.1259,9,19.3126,19.7292,19.547,0.0567,115000,0.075167,215.123841,0.034613,GALEX J142029.7+000204,6379219276966924388,6379219276963774464,AIS,214.984105,-0.49615,135.0,135.0,344.8874,55.4781,50236,289,9,0.548849,true,3,0.039,0,0,20.6327,0.2753,19.5174,0.0945,1.8127,0.2753,-0.5626,0.0945,1.8664,0.2892,-0.382,0.0945,1.9143,0.3263,-0.5669,0.0988,0,0,0,0,20.273,5.1391,56.6284,4.92888,1583.24,3167.93,1583.53,3168.33,7.617,10.319,0.003,0.004,0.6892,0.9806,0.2713,0.1659,47.77,42.42,-11.78,-11.78,9.73997,2.23433,3.5,0.001104,8.04E-4,3.5,6.63E-4,5.53E-4,107.5,85.5,0.572,0.91,0.57,0.95,0.83,0.17,0.14,C,1,2,6379219276966924288,6379219276966924388+6383547040633193129,1,2,6379219276966924288,6379219276966924388+6383547040633193129,6379219276966924388+6383547040633193129,N,0.0,1.24538
39627836721466661,219.17069165711484,2.061248422446034,0.491,QSO,,,,43.867340134884884,true,J143641.04+020339.8,219.171026,2.061081,0.13,0.12,85.0,15.103,13.846,9.789,6.925,,,,0.036,0.038,0.035,0.065,,,,2193101501241037935,0000,0,1111,AAAA,,1.344919,110472191710463769,219.17103974617,2.06107639171,0.004,0.004,90.0,1377,57,310697984,37,0.00449982347,0.00449982347,56022.488125742,0,46,9,11,12,6,8,0.999762,21.0265,0.0594,0.1491,9,20.9304,21.3196,20.7939,0.0761,16777496,0.999698,20.3636,0.0535,0.1473,8,20.2004,20.6304,19.7813,0.0575,16777496,0.999648,19.7192,0.0512,0.1945,12,19.285,19.9695,19.125,0.0196,16777496,0.999707,19.527,0.0745,0.1501,3,19.3244,19.5447,18.9241,0.0534,16777496,0.999637,19.3672,0.1003,0.2105,8,19.0983,19.6205,18.8634,0.1095,16777496,0.052163,219.171179,2.06118,GALEX J143641.0+020340,6383547017008777641,6383547017007726592,AIS,219.606624,2.001324,112.0,112.0,352.5717,54.4555,50359,2145,67,0.439268,true,1,0.0407,0,0,,,21.8953,0.3881,,,1.8153,0.3881,,,1.7897,0.3519,,,2.0721,0.7691,0,0,0,0,,,6.33673,2.26459,,,2975.21,2050.89,,6.029,,0.003,0.9803,0.0,0.3879,,41.03,42.88,,,3.81146,1.18271,3.5,7.38E-4,4.52E-4,,,,99.8,111.4,,,1.28,,,0.49,,C,0,1,6383547017008777216,6383547017008777641,0,1,6383547017008777216,6383547017008777641,6383547017008777641,N,0.0,0.655385
39627877838225923,150.98655965304286,3.633663849709921,1.3414,QSO,-0.08588831795868623,0.003816573736953238,2.079911852724974E-5,45.299306544505264,true,J100356.77+033801.0,150.986544,3.633628,0.302,0.282,83.0,15.783,14.406,11.508,8.722,,,,0.065,0.065,0.193,,,,,1512103001241033808,0000,0,01nn,AABU,,0.140111,112361509865240846,150.98655940882,3.63366243144,0.003,0.003,0.0,1360,97,436527248,52,0.00326871889,0.00328557421,56151.059968612,5,72,12,17,21,13,9,0.999577,19.6522,0.0166,0.0606,6,19.6109,19.7735,19.7102,0.0373,115000,0.999607,19.7324,0.0124,0.0793,13,19.5309,19.8279,19.8281,0.0454,115000,0.999386,19.6913,0.0183,0.0989,16,19.476,19.9199,19.7559,0.0596,115000,0.999833,19.6948,0.0449,0.1474,10,19.4941,19.9232,19.665,0.0708,115000,0.998955,19.734,0.0887,0.2549,9,19.4677,20.2772,19.7831,0.0769,115000,0.135754,150.986545,3.633677,GALEX J100356.7+033801,6382702567384680780,6382702567381532672,AIS,150.806096,3.654361,195.0,195.0,235.9095,43.6521,50335,1409,44,0.181268,true,3,0.0229,0,0,21.3645,0.225,20.9434,0.1684,2.5445,0.225,0.8634,0.1684,2.549,0.2205,0.8237,0.1485,2.4231,0.2323,0.8097,0.2078,0,0,0,0,10.3321,2.14098,15.228,2.36147,1499.99,1877.12,1500.05,1877.43,3.797,4.066,0.002,0.002,0.9871,0.9831,0.0736,0.2505,-19.94,-19.41,84.46,84.5,4.00394,2.45468,3.69179,6.72E-4,6.22E-4,3.78256,6.88E-4,5.16E-4,150.4,183.8,0.817,0.56,0.61,1.02,0.88,0.21,0.15,C,0,1,6382702567384680448,6382702567384680780,0,1,6382702567384680448,6382702567384680780,6382702567384680780,N,0.0,0.176114
39627927008055838,209.58592813736283,5.639490838639956,0.1575,GALAXY,,,,42.83729119725572,true,J135820.60+053821.6,209.585872,5.639338,0.209,0.194,84.0,15.435,14.85,11.212,9.06,,,,0.041,0.066,0.101,0.39,,,,2096106001241011910,0000,0,000n,AAAC,,0.586473,114762095857187281,209.58566765306,5.63903110035,0.002,0.002,90.0,1464,46,444915712,53,0.00206444364,0.00206444364,56117.943459304,5,60,11,12,13,11,13,0.999357,19.3921,0.0452,0.1725,7,19.2779,19.6967,19.0904,0.019,16892216,0.998981,19.2184,0.0624,0.1303,9,19.0232,19.4073,18.6255,0.0166,16892216,0.999353,18.9964,0.0372,0.1575,11,18.7837,19.2702,18.3678,0.0145,16892216,0.998935,18.9908,0.0212,0.07,7,18.8617,19.0661,18.3274,0.017,16892216,0.999075,18.9574,0.046,0.1403,11,18.7199,19.1722,18.3133,0.0271,16892216,1.325376,209.585692,5.639494,GALEX J135820.5+053822,6378691538229133683,6378691538225987584,AIS,209.62077,6.078756,112.0,112.0,342.458,63.2548,50221,1089,34,0.440645,true,3,0.0274,0,0,20.9907,0.2674,20.7156,0.1881,2.1707,0.2674,0.6356,0.1881,2.1856,0.2711,0.7128,0.176,2.153,0.2993,0.5478,0.2136,0,0,0,0,14.5792,3.59009,18.7824,3.25345,1998.65,847.81,1997.73,849.01,5.39,4.671,0.002,0.002,0.9829,0.9974,0.1429,0.1608,-23.67,-24.89,57.23,57.22,6.45466,3.83648,3.5,7.85E-4,6.73E-4,3.5,6.78E-4,5.69E-4,100.6,112.4,0.0983,1.93,0.67,1.02,0.91,0.25,0.15,C,0,1,6378691538229133312,6378691538229133683,0,1,6378691538229133312,6378691538229133683,6378691538229133683,N,0.0,0.856606
39628346081936841,193.9913925336701,23.84899287147942,0.9756,QSO,0.668676776204018,0.0,2.3408799411966664E-5,45.43333113235507,true,J125557.93+235056.4,193.99141,23.84901,0.118,0.112,102.0,14.645,13.332,10.262,7.97,,,,0.029,0.031,0.066,0.186,,,,1932124201241014424,0000,0,111n,AAAB,,0.084795,136611939913589265,193.99139111108,23.84898957952,0.005,0.005,0.0,1809,92,436527104,52,0.00521641606,0.00525052731,56356.465407027,5,49,4,10,16,9,10,0.999627,21.7354,0.0914,0.2661,4,21.3536,21.9516,21.453,0.1393,115000,0.9994,20.9436,0.0286,0.0945,8,20.8935,21.1703,20.8289,0.0609,115000,0.999658,20.0327,0.0215,0.073,11,19.9321,20.1766,20.0935,0.032,115000,0.998995,19.4013,0.0275,0.177,7,19.002,19.5437,19.4643,0.0647,115000,0.99872,19.0732,0.0507,0.1382,9,18.9164,19.3266,19.0016,0.0748,115000,0.096293,193.991745,23.848929,GALEX J125558.0+235056,6378621143713060124,6378621143712006144,AIS,193.978794,23.45167,198.0,310.0,320.4913,86.5651,50219,321,10,0.397436,true,1,0.0154,0,0,,,22.789,0.4142,,,2.709,0.4142,,,2.7071,0.3989,,,3.4206,1.3801,0,0,0,0,,,2.7823,1.0612,,,1898.16,2886.73,,7.637,,0.003,0.9519,0.0,0.4981,,65.22,65.97,,,3.29878,0.529908,3.5,7.51E-4,3.77E-4,,,,263.7,178.5,,,1.27,,,0.53,,C,0,1,6378621143713059840,6378621143713060124,0,1,6378621143713059840,6378621143713060124,6378621143713060124,N,0.0,1.141075
39628357993760615,249.86469880934425,24.145719424624172,1.1408,QSO,0.07226604729893427,0.006352190204193137,2.9323433838130527E-5,44.76580312146375,true,J163927.47+240844.7,249.864494,24.145773,0.434,0.394,85.0,16.463,15.273,12.459,8.993,,,,0.086,0.099,0.35,0.421,,,,2493124201241019291,0000,0,01nn,AABC,,0.699172,136972498646245446,249.86469112439,24.14572610979,0.01,0.01,90.0,1905,5,436527248,52,0.01032344314,0.01032344314,55789.948576216,4,37,10,15,12,0,0,0.999286,21.4997,0.0557,0.23,10,21.2929,21.8963,21.5289,0.0712,115000,0.999573,21.0864,0.1089,0.316,10,20.7404,21.5696,21.1744,0.1163,115000,0.999504,21.0939,0.0376,0.1659,12,20.956,21.3703,20.9937,0.0887,115000,,,,,0,,,,,114720,,,,,0,,,,,16416,0.669199,249.864655,24.145565,GALEX J163927.5+240844,6375489751777021190,6375489751775969280,AIS,249.412917,24.057278,96.0,301.0,43.1147,38.9597,50130,833,26,0.421702,true,1,0.0621,0,0,,,21.6339,0.2449,,,1.5539,0.2449,,,2.2425,0.262,,,1.8891,0.3258,0,0,0,0,,,8.06225,1.81821,,,954.43,2126.34,,4.898,,0.002,0.978,0.0,0.3567,,36.97,36.54,,,0.0,6.15466,6.30647,7.35E-4,4.73E-4,,,,246.9,86.3,,,0.98,,,0.43,,C,0,1,6375489751777020928,6375489751777021190,0,1,6375489751777020928,6375489751777021190,6375489751777021190,N,0.0,0.917749
39628379145637914,196.26523931296205,25.143506162145663,0.6887,QSO,0.6907264471767534,0.0,1.7274972020818454E-5,44.65645983637573,true,J130503.63+250836.7,196.265153,25.143538,0.164,0.154,94.0,14.956,13.916,11.689,8.359,,,,0.035,0.042,0.264,,,,,1966125701241004643,d000,0,11nn,AABU,,0.302021,138171962652702754,196.26523740404,25.14350510729,0.003,0.003,90.0,1893,27,436527232,52,0.00344057551,0.00342480828,56082.082246474,5,52,6,10,13,14,9,0.999426,21.6243,0.0458,0.1039,5,21.4688,21.7594,21.6462,0.0914,115000,0.999263,20.3625,0.0312,0.125,9,20.3231,20.5844,20.4505,0.052,115000,0.99936,19.6291,0.0215,0.0592,13,19.5631,19.7509,19.6623,0.0238,115000,0.999029,19.1822,0.0211,0.1308,13,19.0691,19.5413,19.235,0.0329,115000,0.999102,19.0845,0.0192,0.0849,9,19.0374,19.2871,19.0857,0.0494,115000,0.299469,196.265122,25.143203,GALEX J130503.6+250835,6378621150155509306,6378621150154457088,AIS,196.044917,25.051277,177.05,287.1,0.6987,86.3549,50219,513,16,0.219584,true,1,0.0153,0,0,,,22.5807,0.454,,,2.5007,0.454,,,2.9851,0.4954,,,2.6968,0.7144,0,0,0,0,,,3.37082,1.40914,,,1437.45,2133.81,,4.903,,0.002,0.8469,0.0,0.2972,,-53.35,-53.78,,,0.0,145.035,5.85406,5.49E-4,3.86E-4,,,,225.6,157.5,,,1.57,,,0.61,,C,0,1,6378621150155509760,6378621150155509306,0,1,6378621150155509760,6378621150155509306,6378621150155509306,N,0.0,1.210839
39628422309218104,179.53700751289395,27.207404027688522,1.1506,QSO,0.08223972250492206,0.0,2.5021249236478437E-5,45.27195825182579,true,J115808.89+271226.6,179.537052,27.207414,0.208,0.189,70.0,15.424,14.072,11.244,8.243,,,,0.048,0.047,0.129,0.223,,,,1791127201241017371,0000,0,00nn,AABB,,0.148241,140641795370379447,179.53700637417,27.20740242565,0.002,0.002,90.0,1889,86,436527256,52,0.00205240483,0.00205027425,56065.887243278,20,65,8,14,18,11,14,0.999603,19.6397,0.0261,0.1035,7,19.5942,19.8308,19.7213,0.018,115000,0.999364,19.249,0.0164,0.0528,13,19.16,19.3498,19.3149,0.0229,115000,0.999324,19.2622,0.0147,0.0567,17,19.1584,19.3408,19.3461,0.025,115000,0.99962,19.4429,0.0256,0.0714,11,19.2997,19.5309,19.5608,0.0298,115000,0.999513,19.3354,0.0462,0.1723,12,19.0812,19.746,19.2137,0.1005,115000,0.151906,179.537243,27.207526,GALEX J115808.9+271227,6374856468514999953,6374856468511850496,AIS,180.002145,26.878503,110.0,110.0,209.4981,78.153,50112,1889,59,0.528877,true,3,0.0212,0,0,21.8928,0.5065,20.9846,0.237,3.0728,0.5065,0.9046,0.237,3.0802,0.51,1.0312,0.2364,3.1085,0.6653,1.3158,0.4168,0,0,0,0,6.3516,2.96253,14.661,3.19961,2909.01,2711.88,2908.23,2710.46,5.002,9.639,0.002,0.004,0.9828,0.9823,0.0881,0.1819,-65.37,-85.0,-0.78,-1.0,10.2025,4.12625,3.5,7.43E-4,6.78E-4,4.62429,3.88E-4,3.17E-4,88.6,74.3,0.0841,2.58,0.79,1.24,1.16,0.3,0.2,C,0,1,6374856468515000320,6374856468514999953,0,1,6374856468515000320,6374856468514999953,6374856468514999953,N,0.0,0.732286
39628465162420776,194.61947405719494,29.2057917877137,1.2561,QSO,-0.016756255233701167,0.004975985146103777,2.9931893687868837E-5,45.37891355864604,true,J125828.70+291220.7,194.619585,29.205764,0.227,0.208,74.0,15.643,14.191,11.255,8.543,,,,0.052,0.049,0.126,0.324,,,,1954128701241023453,0000,0,210n,AABB,,0.361306,143041946195147525,194.61947216919,29.20579179781,0.003,0.003,90.0,1973,37,1510269080,180,0.00264642039,0.00255481478,56174.380834461,10,82,17,19,20,16,10,0.999853,20.2424,0.0473,0.1447,14,19.9959,20.46,20.2906,0.0418,115000,0.999364,19.8167,0.0129,0.0665,11,19.7272,19.9038,19.7674,0.0427,115000,0.999411,19.9287,0.035,0.1373,13,19.7681,20.2956,19.9131,0.0438,115000,0.999053,19.8337,0.0913,0.2621,13,19.4746,20.3053,19.6695,0.0567,115000,0.998844,19.5346,0.0622,0.2254,10,19.2823,19.9665,19.5303,0.1374,115000,0.368405,194.619568,29.205852,GALEX J125828.6+291221,6374891681878118197,6374891681874968576,AIS,194.93345,28.909919,136.0,136.0,86.5872,87.4069,50113,2753,86,0.403555,true,3,0.0109,0,0,21.0249,0.3078,20.3804,0.1414,2.2049,0.3078,0.3004,0.1414,2.3681,0.3202,0.3512,0.1332,2.2659,0.3364,0.342,0.1686,0,0,0,0,14.1262,4.00343,25.5758,3.32964,2580.66,2626.13,2579.93,2625.97,10.786,4.685,0.004,0.002,0.9835,0.9774,0.1006,0.277,-42.78,-66.52,-28.71,-28.81,10.7799,3.66583,3.5,7.91E-4,7.11E-4,3.5,8.82E-4,6.38E-4,114.4,98.5,0.376,1.45,0.58,1.27,1.06,0.17,0.21,C,0,1,6374891681878118400,6374891681878118197,0,1,6374891681878118400,6374891681878118197,6374891681878118197,N,0.0,0.321925
39628481759283375,250.96912936847593,30.053564101208366,1.386,QSO,0.1512254543927134,0.014536098979412854,4.319821148857542E-5,44.946579052241724,true,J164352.58+300312.9,250.969093,30.053607,0.864,0.765,83.0,17.463,15.977,12.704,9.373,,,,0.181,0.171,0.395,,,,,2504130201241014852,0000,0,nnnn,BBCU,,0.191554,144062509691474917,250.96912507652,30.05358039368,0.011,0.011,90.0,1985,54,436527232,52,0.01057486968,0.01057486968,55707.576289783,5,36,9,13,11,3,0,0.999204,21.7142,0.0915,0.2751,9,21.364,22.1877,21.9065,0.0891,115000,0.99898,21.3024,0.049,0.1267,13,21.1267,21.5287,21.3552,0.1176,115000,0.999314,21.2693,0.0587,0.1944,11,21.0073,21.6209,21.1734,0.1092,115000,0.99808,20.4388,0.0416,0.0611,2,20.4088,20.4921,19.6164,0.1994,16892216,,,,,0,,,,,114720,0.138436,250.969455,30.053952,GALEX J164352.6+300314,6371478755907473750,6371478755906420736,AIS,251.50027,29.766692,95.0,191.0,50.821,39.4438,50016,1505,47,0.542422,true,1,0.0272,0,0,,,22.3419,0.3939,,,2.2619,0.3939,,,2.545,0.4538,,,2.2576,0.6115,0,1,0,0,,,4.19982,1.52337,,,2994.79,2647.11,,8.691,,0.004,0.9777,0.0,0.5504,,57.86,56.65,,,0.0,164.483,3.5,9.02E-4,4.06E-4,,,,161.8,58.7,,,1.8,,,0.69,,C,0,1,6371478755907473408,6371478755907473750,0,1,6371478755907473408,6371478755907473750,6371478755907473750,N,0.0,1.67824
39628512595806756,226.42274553621866,31.49855279283787,1.1391,QSO,0.11578321257479463,0.0,4.792002790797999E-5,44.539967364521104,true,J150541.47+312954.5,226.422824,31.498489,0.44,0.392,74.0,17.063,15.808,13.165,9.194,,,,0.085,0.102,0.391,,,,,2258131801241015208,0000,0,01nn,AACU,,0.3317,145792264229138873,226.42275715691,31.49856473502,0.015,0.015,90.0,1980,88,436527232,52,0.0152385525,0.0152385525,56023.639899032,8,23,8,6,8,1,0,0.999592,21.7919,0.1013,0.3731,8,21.2756,22.2823,21.5511,0.1381,115000,0.99931,21.2204,0.0487,0.2155,6,21.0662,21.6615,21.2799,0.0779,115000,0.999696,21.2024,0.0449,0.2134,8,21.1053,21.6295,21.158,0.1209,115000,0.999696,21.0011,0.1954,,1,21.0011,21.0011,,,115000,,,,,0,,,,,16416,0.341224,226.422536,31.498417,GALEX J150541.4+312954,6379254487106721520,6379254487105667072,AIS,226.726441,31.071758,186.0,342.0,49.5868,60.5254,50237,1057,33,0.499489,true,1,0.018,0,0,,,21.914,0.2,,,1.834,0.2,,,1.7044,0.1547,,,1.7216,0.255,0,1,0,0,,,6.22865,1.147,,,2551.01,2934.34,,4.886,,0.002,0.9801,0.0,0.0482,,-83.73,-81.77,,,9.4131,21.181,3.5,6.71E-4,6.39E-4,,,,283.9,148.8,,,0.69,,,0.29,,C,0,1,6379254487106721792,6379254487106721520,0,1,6379254487106721792,6379254487106721520,6379254487106721520,N,0.0,0.920551
39628527561083170,194.5707544042593,32.19818842275671,0.8971,QSO,,,,45.52957870448536,true,J125816.98+321153.4,194.570767,32.198181,0.09,0.089,71.0,14.012,12.602,9.743,7.362,,,,0.028,0.024,0.036,0.103,,,,1941131801241028862,0000,0,0000,AAAA,,0.046862,146631945708358432,194.57075777052,32.19818578209,0.008,0.008,90.0,2050,4,436527232,52,0.00779318582,0.00779318582,56327.525689962,5,62,9,19,19,9,6,0.999196,21.7531,0.0967,0.2547,8,21.3905,22.1726,21.923,0.2531,115000,0.99964,21.4198,0.0357,0.1698,19,21.0546,21.5932,21.3535,0.0747,115000,0.999385,20.7631,0.0283,0.1515,19,20.361,20.9478,20.6804,0.059,115000,0.999669,20.4458,0.032,0.0818,8,20.3351,20.5598,20.2923,0.1174,115000,0.998854,19.5192,0.0442,0.1635,6,19.3471,19.7922,19.592,0.098,115000,0.032968,194.571013,32.198349,GALEX J125817.0+321154,6374891635705123220,6374891635704070144,AIS,194.692901,31.839426,105.0,211.3,107.0001,84.7165,50113,1377,43,0.373505,true,1,0.0135,0,0,,,22.5889,0.3771,,,2.5089,0.3771,,,2.6857,0.4566,,,2.5424,0.7143,0,0,0,0,,,3.34528,1.1615,,,2187.29,2772.46,,6.851,,0.003,0.9661,0.0,0.3059,,73.27,77.71,,,0.174508,18.8179,3.5,5.74E-4,3.98E-4,,,,185.6,109.0,,,1.15,,,0.46,,C,0,1,6374891635705122816,6374891635705123220,0,1,6374891635705122816,6374891635705123220,6374891635705123220,N,0.0,0.963657
39632946298093759,217.92433244263515,33.1678273899817,1.2061,QSO,-0.022780497822521006,0.0,2.808776649681855E-5,45.07836312934186,true,J143141.83+331004.3,217.924302,33.167888,0.174,0.166,87.0,15.537,14.384,11.881,8.9,,,,0.039,0.044,0.145,0.271,,,,2177133301241021941,0000,0,00nn,AABB,,0.235709,147802179242801926,217.92433373618,33.16782762338,0.003,0.003,90.0,2055,24,436527256,52,0.00321463279,0.00309048108,56021.724980974,5,63,8,12,19,15,9,0.999707,19.7644,0.0395,0.0913,6,19.7215,19.8884,19.9106,0.0577,115000,0.999209,19.4931,0.0293,0.1566,12,19.3534,19.7341,19.5872,0.0223,115000,0.999676,19.5723,0.0194,0.0954,15,19.4326,19.7318,19.6384,0.0301,115000,0.999481,19.6007,0.0239,0.1212,13,19.512,19.9087,19.6663,0.044,115000,0.998852,19.4675,0.0171,0.0656,8,19.394,19.602,19.3493,0.0339,115000,0.237465,217.924774,33.167774,GALEX J143141.9+331003,6379289705840643927,6379289705837494272,AIS,218.115222,32.918402,182.0,182.0,54.637,67.5616,50238,2081,65,0.296096,true,3,0.0065,0,0,20.6993,0.2091,19.6735,0.0837,1.8793,0.2091,-0.4065,0.0837,2.0863,0.2367,-0.2859,0.0838,1.9325,0.2419,-0.3835,0.0913,0,0,0,0,19.0665,3.67157,49.0472,3.77842,2304.16,2513.21,2303.5,2513.47,3.122,4.563,0.001,0.002,0.9835,0.9835,0.1111,0.1176,-54.08,-67.49,84.09,83.98,11.9671,3.61258,3.5,8.82E-4,7.84E-4,3.5,7.47E-4,6.59E-4,144.2,157.7,0.482,0.97,0.53,1.0,0.82,0.12,0.15,C,0,1,6379289705840644096,6379289705840643927,0,1,6379289705840644096,6379289705840643927,6379289705840643927,N,0.0,1.480196
39632946306484302,218.6666629497102,33.27078940043371,1.4014,QSO,-0.11039698926495167,0.01799860418930457,3.740243879742216E-5,45.207447020314774,true,J143439.98+331614.9,218.666597,33.270814,0.199,0.185,75.0,15.793,14.586,11.891,9.51,,,,0.044,0.047,0.141,0.446,,,,2177133301241018306,0000,0,11nn,AABC,,0.216925,147922186666525547,218.66664960316,33.27079076667,0.004,0.004,90.0,2055,33,436527256,52,0.00390210267,0.00388295435,56169.332078369,5,67,14,16,21,12,4,0.999334,20.5846,0.0219,0.0912,12,20.4234,20.7134,20.505,0.0295,115000,0.999661,20.2133,0.036,0.1035,13,20.1034,20.4189,20.1222,0.0817,115000,0.998969,20.0091,0.0612,0.2272,21,19.7077,20.3257,19.9025,0.0669,115000,0.998986,20.1079,0.0289,0.1251,11,19.8634,20.2731,20.0733,0.0352,115000,0.998065,20.0329,0.0761,0.1987,4,19.7301,20.1607,19.7885,0.1847,115000,0.179065,218.666859,33.271025,GALEX J143440.0+331615,6379254455968206346,6379254455967154176,AIS,219.164903,33.10562,183.0,183.0,54.6566,66.9323,50237,129,4,0.448421,true,1,0.01,0,0,,,20.9753,0.167,,,0.8953,0.167,,,0.903,0.1491,,,1.0222,0.2273,0,0,0,0,,,14.7871,2.27384,,,2928.71,2305.81,,6.296,,0.003,0.9831,0.0,0.0813,,-58.66,-76.52,,,3.16687,25.2855,3.5,7.54E-4,6.92E-4,,,,156.7,144.0,,,0.62,,,0.22,,C,0,1,6379254455968206848,6379254455968206346,0,1,6379254455968206848,6379254455968206346,6379254455968206346,N,0.0,1.093509
39632950614036020,165.63419546402753,33.46376247086249,1.3168,QSO,-0.004132271311657165,0.0,3.992738060927058E-5,45.37344884251968,true,J110232.16+332749.8,165.634,33.463854,0.159,0.15,88.0,14.905,13.727,11.309,8.919,,,,0.037,0.039,0.137,0.426,,,,1655133301241018111,0000,0,01nn,AABC,,0.672313,148151656341697164,165.63419452408,33.46376308462,0.002,0.002,0.0,2044,35,436527256,52,0.00210411466,0.00211947863,56263.239076612,5,68,11,18,12,15,12,0.999733,19.5053,0.0255,0.1971,11,18.954,19.6017,19.5764,0.039,115000,0.99927,19.24,0.0118,0.0631,11,19.1185,19.2678,19.2694,0.0204,115000,0.999669,19.3661,0.0191,0.0649,10,19.2563,19.4458,19.3759,0.025,115000,0.999194,19.4206,0.0232,0.1228,12,19.269,19.7582,19.3589,0.0509,16892216,0.999191,19.5114,0.038,0.1169,11,19.3516,19.7379,19.274,0.133,115000,0.669638,165.634193,33.463735,GALEX J110232.2+332749,6374082426287686179,6374082426284539904,AIS,165.754125,33.823437,103.0,103.0,191.1524,65.733,50090,2305,72,0.373301,true,3,0.0214,0,0,20.9131,0.308,20.4731,0.1805,2.0931,0.308,0.3931,0.1805,2.2232,0.3473,0.3381,0.1615,2.2439,0.3901,0.327,0.2109,0,0,0,0,15.6591,4.44158,23.4825,3.90185,2188.85,1070.1,2187.5,1069.87,4.156,6.593,0.002,0.003,0.983,0.9993,0.2229,0.1744,-45.26,-45.46,84.28,84.21,5.77703,3.31369,3.5,7.71E-4,5.99E-4,3.5,6.3E-4,5.2E-4,78.6,80.5,0.135,1.72,0.59,1.0,0.86,0.18,0.15,C,0,1,6374082426287686656,6374082426287686179,0,1,6374082426287686656,6374082426287686179,6374082426287686179,N,0.0,0.718987
39632951352234268,218.26820626377935,33.43437300054448,1.2762,QSO,-0.02415754322702035,0.011723705781212491,1.968743150467031E-5,44.98335469331162,true,J143304.36+332603.6,218.268204,33.434359,0.218,0.199,70.0,16.078,14.627,12.215,9.352,,,,0.051,0.047,0.184,0.376,,,,2177133301241020212,0000,0,01nn,AABC,,0.052308,148122182681771862,218.2682030359,33.4343694393,0.003,0.003,90.0,2055,34,436527256,52,0.00348110859,0.00345658302,56088.058948432,5,54,10,11,18,8,7,0.999561,19.7504,0.0112,0.1329,6,19.7568,20.0105,19.7542,0.0491,115000,0.999238,19.5074,0.0232,0.0681,10,19.4219,19.6189,19.6185,0.0584,115000,0.999731,19.5676,0.0253,0.0995,16,19.4515,19.7658,19.6102,0.0346,115000,0.997979,19.7733,0.0571,0.0997,7,19.6373,19.9078,19.7839,0.1352,115000,0.999173,19.9174,0.0351,0.1236,6,19.7152,20.0489,20.1793,0.1035,115000,0.037693,218.268161,33.434591,GALEX J143304.3+332604,6379289705840644977,6379289705837494272,AIS,218.115222,32.918402,182.0,182.0,55.2042,67.2359,50238,2081,65,0.531824,true,3,0.0091,0,0,21.0649,0.259,19.9716,0.1004,2.2449,0.259,-0.1084,0.1004,2.3007,0.2594,0.1024,0.1025,2.3488,0.3109,-0.108,0.1075,0,0,0,0,13.6158,3.24694,37.2706,3.44425,1613.88,3153.08,1614.57,3153.74,8.836,7.28,0.004,0.003,0.9042,0.9746,0.2924,0.0679,-26.68,-26.25,-52.77,-52.7,10.5048,2.73472,3.5,0.00105,7.43E-4,3.5,6.37E-4,5.94E-4,145.6,144.4,0.244,1.46,0.57,0.99,0.85,0.17,0.15,C,1,2,6379289705840645120,6379289705840644977+6379289703693156602,1,2,6379289705840645120,6379289705840644977+6379289703693156602,6379289705840644977+6379289703693156602,N,0.0,0.845167
39633140846693362,236.59948606786222,43.49825582919946,0.2086,GALAXY,,,,42.6456957665424,true,J154623.71+432952.9,236.5988,43.498029,0.179,0.165,78.0,15.612,15.137,10.917,9.261,,,,0.038,0.064,0.056,0.33,,,,2372143901241011548,0000,0,000n,AAAB,,1.968122,160192365989728368,236.59884041075,43.49805946885,0.003,0.003,90.0,2202,87,444915712,53,0.0030463796,0.0030463796,55939.359708606,5,67,11,16,16,14,10,0.999706,20.4265,0.0431,0.1156,8,20.36,20.6166,19.3767,0.0312,16892216,0.999404,20.1441,0.0378,0.1466,12,19.9045,20.3434,18.8141,0.0192,16892216,0.999588,19.3736,0.0194,0.0559,9,19.3267,19.5066,18.5652,0.0292,16892216,0.999704,19.4724,0.0387,0.1526,13,19.3021,19.737,18.5757,0.0259,16892216,0.999134,19.4589,0.0662,0.2482,8,19.1218,19.7915,18.4081,0.1213,16892216,0.15221,236.598772,43.497573,GALEX J154623.7+432951,6374962030219101578,6374962030218051584,AIS,236.265422,43.666787,95.0,95.0,69.6166,51.2885,50115,2145,67,0.294861,true,1,0.018,0,0,,,20.8922,0.2465,,,0.8122,0.2465,,,0.9146,0.2311,,,0.7213,0.2847,0,0,0,0,,,15.9627,3.62289,,,1325.08,1504.83,,8.357,,0.003,0.9832,0.0,0.4589,,-55.78,-55.47,,,10.6194,4.67239,3.5,0.001004,5.44E-4,,,,76.8,73.9,,,0.82,,,0.31,,C,0,1,6374962030219101184,6374962030219101578,0,1,6374962030219101184,6374962030219101578,6374962030219101578,N,0.0,1.642391
39633158315970500,240.4550838535268,44.47637267032901,1.2387,QSO,0.016433610140856203,0.0036949305046121562,2.3582903840106714E-5,44.93258659373134,true,J160149.23+442834.9,240.455161,44.476373,0.234,0.213,76.0,16.381,14.973,12.162,9.165,,,,0.053,0.052,0.149,,,,,2413143901241047034,0000,0,11nn,AABU,,0.197803,161372404551122281,240.4550857606,44.47637694031,0.003,0.003,0.0,2268,17,436527256,52,0.00327746117,0.00329257676,56113.818906975,5,59,10,11,18,13,7,0.999444,19.9041,0.0369,0.0833,8,19.7634,19.995,20.0215,0.0203,115000,0.999143,19.5795,0.0169,0.0766,9,19.4469,19.6334,19.6701,0.0222,115000,0.999668,19.5454,0.0184,0.1103,15,19.4274,19.8485,19.7141,0.0257,115000,0.999005,19.717,0.04,0.1312,12,19.5632,20.0106,19.8604,0.0345,115000,0.998462,19.8778,0.0456,0.1479,7,19.6591,19.9924,20.0554,0.1058,115000,0.19379,240.455049,44.47635,GALEX J160149.2+442834,6374962026999977612,6374962026996826112,AIS,240.339036,44.183279,106.05,418.1,70.4208,48.3928,50115,2049,64,0.304594,true,3,0.0152,0,0,20.8918,0.3088,20.5144,0.0883,2.0718,0.3088,0.4344,0.0883,2.0471,0.3018,0.4914,0.082,2.0726,0.3601,0.4554,0.1032,0,0,0,0,15.9691,4.54059,22.6065,1.83733,1712.15,2659.64,1711.66,2659.67,4.253,3.793,0.002,0.002,0.9838,0.9932,0.1187,0.1649,57.06,62.5,16.22,16.29,7.82012,1.82576,3.5,8.16E-4,7.19E-4,3.5,5.83E-4,4.87E-4,343.8,84.1,0.764,0.55,0.53,0.92,0.79,0.14,0.13,C,0,1,6374962026999977984,6374962026999977612,0,1,6374962026999977984,6374962026999977612,6374962026999977612,N,0.0,0.299624
39633162619324602,239.82711978608705,44.87297213069845,0.7358,QSO,,,,45.506189463606454,true,J155918.50+445222.7,239.827101,44.872991,0.037,0.036,104.0,13.998,12.518,9.303,6.706,,,,0.025,0.022,0.023,0.045,,,,2407145401241008014,0000,0,0011,AAAA,,0.082696,161842398270708285,239.82709544324,44.87297239125,0.003,0.003,0.0,2268,28,436527104,52,0.00327068107,0.00329363087,55940.127553541,5,61,10,15,17,13,6,0.998714,20.8505,0.024,0.1715,10,20.3925,21.004,20.783,0.0711,16892216,0.999855,20.2744,0.0171,0.1091,14,20.0853,20.5362,20.23,0.0279,115000,0.999224,20.117,0.0224,0.0712,15,19.9944,20.2084,20.0472,0.0365,16892216,0.999323,18.791,0.012,0.0585,12,18.6871,18.8899,18.7684,0.0134,115000,0.998328,19.8798,0.0564,0.132,6,19.6375,19.9417,19.8016,0.2449,115000,0.068475,239.826851,44.873124,GALEX J155918.4+445223,6374962016260459099,6374962016259407872,AIS,239.435008,44.970997,95.0,293.05,71.116,48.7742,50115,1729,54,0.294208,true,1,0.019,0,0,,,21.0667,0.1462,,,0.9867,0.1462,,,1.3137,0.1524,,,0.973,0.1642,0,0,0,2,,,13.5933,1.82973,,,1204.25,1731.93,,11.896,,0.005,0.9576,0.0,0.3491,,-18.99,-18.86,,,11.896,17.4219,3.5,0.001025,6.67E-4,,,,240.0,82.1,,,0.73,,,0.31,,C,0,1,6374962016260459520,6374962016260459099,0,1,6374962016260459520,6374962016260459099,6374962016260459099,N,0.0,0.796755
39633311974294275,244.04732891767924,54.2669948487502,1.3355,QSO,-0.07590998108015001,0.005035097939819197,2.819145877426898E-5,45.0161968298816,true,J161611.36+541601.1,244.047338,54.266982,0.216,0.198,63.0,16.718,15.158,12.202,10.122,,,,0.051,0.046,0.115,0.521,,,,2451154501241010528,0000,0,01nn,AABC,,0.051566,173122440473541107,244.04732989237,54.26699090137,0.004,0.004,90.0,2386,52,436527256,52,0.00431557109,0.00394315286,55702.955102783,5,68,12,13,26,13,4,0.999706,19.8899,0.0289,0.1222,11,19.7703,20.1634,19.9754,0.0369,115000,0.999721,19.6641,0.0184,0.0649,12,19.538,19.7442,19.747,0.0229,115000,0.999286,19.7899,0.0478,0.2482,23,19.4688,20.4261,19.8495,0.0398,115000,0.999455,19.8041,0.0433,0.2023,11,19.3015,19.9878,19.8152,0.0869,115000,0.998314,19.8498,0.0644,0.1307,4,19.6896,19.9788,19.821,0.1739,115000,0.036297,244.047461,54.267023,GALEX J161611.3+541601,6371021400946250672,6371021400945197056,AIS,243.430316,54.068277,103.0,315.05,83.6096,44.0999,50003,2753,86,0.412342,true,1,0.0102,0,0,,,21.6767,0.1626,,,1.5967,0.1626,,,1.5628,0.1459,,,1.6691,0.2442,0,4,0,0,,,7.75043,1.16061,,,1067.51,2393.41,,5.722,,0.002,0.9823,0.0,0.1577,,-69.52,-69.67,,,0.0,6.71866,3.5,6.71E-4,5.65E-4,,,,272.2,96.5,,,0.64,,,0.25,,C,0,1,6371021400946250752,6371021400946250672,0,1,6371021400946250752,6371021400946250672,6371021400946250672,N,0.0,0.297418
39633408481036496,271.5831078569326,61.68842495387716,1.1393,QSO,0.008750015891530127,0.0,1.843441197262664E-5,45.68966890839085,true,J180619.94+614118.5,271.583105,61.688477,0.08,0.079,145.0,14.149,13.039,10.164,7.752,,,,0.025,0.023,0.03,0.074,,,,2715162001241014857,0000,0,5311,AAAA,,0.188007,182022715831316818,271.58310705168,61.688424248,0.002,0.002,0.0,2488,45,436527256,52,0.00156657402,0.00168263634,56457.377274233,5,63,4,12,26,9,12,0.998645,18.8698,0.0308,0.0588,3,18.8526,18.9504,19.0142,0.0062,115000,0.999729,18.5509,0.0116,0.0367,6,18.4799,18.5734,18.6604,0.0145,115000,0.999712,18.5262,0.0057,0.0297,21,18.4698,18.574,18.5999,0.0109,115000,0.999667,18.5842,0.0226,0.0715,8,18.4971,18.6992,18.6616,0.0497,115000,0.999554,18.5204,0.0285,0.1056,12,18.3574,18.7421,18.6066,0.0553,115000,0.18994,271.583111,61.688412,GALEX J180619.9+614118,6371056504789797754,6371056504786649088,AIS,271.885622,61.605987,169.0,169.0,90.8247,28.9453,50004,353,11,0.165628,true,3,0.0382,0,0,21.1092,0.2342,19.5345,0.0831,2.2892,0.2342,-0.5455,0.0831,2.3363,0.2402,-0.4458,0.084,2.2629,0.2762,-0.5771,0.089,0,0,0,0,13.0719,2.81895,55.7426,4.26699,2192.47,2132.91,2193.5,2132.78,4.143,3.86,0.002,0.002,0.9939,0.9835,0.1697,0.2418,41.41,37.44,-34.47,-34.58,5.78973,2.14363,3.5,8.69E-4,7.22E-4,3.75676,6.57E-4,4.98E-4,128.3,173.5,0.11,1.95,0.52,1.14,0.92,0.12,0.2,C,0,1,6371056504789797888,6371056504789797754,0,1,6371056504789797888,6371056504789797754,6371056504789797754,N,0.0,0.235957
39633411324773644,269.6016245498656,62.0556514096536,0.657,QSO,-0.019499699241199764,0.0,2.68793712831874E-5,44.66499597132095,true,J175824.40+620320.2,269.601697,62.055627,0.094,0.094,150.0,14.7,13.582,11.157,9.199,,,,0.027,0.025,0.05,0.221,,,,2684162001241020695,0000,0,111n,AAAB,,0.15167,182462696016407529,269.60162407366,62.05565310728,0.002,0.002,0.0,2488,57,436527256,52,0.00188527778,0.00196052087,56054.928333278,5,100,8,23,34,16,19,0.999466,18.9951,0.0102,0.0507,5,18.9512,19.0839,19.0247,0.0178,115000,0.999677,19.1765,0.0168,0.0886,19,19.0794,19.34,19.2201,0.017,115000,0.999689,19.2052,0.0109,0.0518,28,19.0957,19.3018,19.217,0.0172,115000,0.999682,19.2634,0.0171,0.0924,14,19.1046,19.4169,19.2297,0.0591,115000,0.999209,19.1642,0.0227,0.1304,17,18.91,19.3138,19.0886,0.0571,115000,0.15482,269.60172,62.05562,GALEX J175824.4+620320,6371056505863540169,6371056505860390912,AIS,269.67498,61.862287,160.0,167.0,91.1863,29.8983,50004,385,12,0.196377,true,3,0.0318,0,0,19.9754,0.1477,18.9724,0.0617,1.1554,0.1477,-1.1076,0.0617,1.1539,0.1452,-0.9923,0.0635,1.0789,0.1536,-1.0955,0.0653,0,0,0,0,37.1389,5.04981,93.5501,5.31555,2012.12,2389.34,2011.84,2389.42,3.932,3.829,0.002,0.002,0.9832,0.9849,0.1381,0.1243,31.7,38.74,-45.33,-45.37,3.92658,2.29032,3.5,9.16E-4,7.89E-4,3.5,6.77E-4,5.92E-4,128.2,162.9,0.98,0.11,0.49,0.72,0.57,0.09,0.08,C,0,1,6371056505863539712,6371056505863540169,0,1,6371056505863539712,6371056505863540169,6371056505863540169,N,0.0,0.046196
39633414185288663,273.0412251002253,62.356289538348584,0.2383,GALAXY,,,,43.48432183287259,true,J181209.93+622122.6,273.041411,62.356303,0.165,0.151,111.0,16.981,15.089,10.913,7.624,,,,0.057,0.042,0.039,0.064,,,,2715162001241040762,h000,0,0011,AAAA,,0.314061,182822730412918253,273.04120852568,62.35628666224,0.004,0.004,0.0,2488,53,436527248,52,0.00396874105,0.00397315171,56353.017104109,5,71,10,16,36,9,0,0.99969,20.6319,0.0221,0.0881,10,20.5298,20.8372,20.5987,0.0535,115000,0.999659,19.8399,0.019,0.0718,16,19.7151,19.9578,19.7869,0.0383,115000,0.999739,20.1289,0.0217,0.0989,33,19.9631,20.3393,20.1307,0.0314,115000,0.998694,20.3861,0.0346,0.1149,8,20.2985,20.5856,20.3223,0.0665,115000,,,,,0,,,,,114720,0.343269,273.041495,62.356347,GALEX J181209.9+622122,6371056497273605218,6371056497270456320,AIS,273.481684,62.22552,158.0,158.0,91.6454,28.3167,50004,129,4,0.242918,true,3,0.0409,0,0,21.5217,0.2797,21.5029,0.2554,2.7017,0.2797,1.4229,0.2554,2.6912,0.277,1.4987,0.2508,2.9598,0.4651,1.9908,0.6219,0,0,0,0,8.93961,2.30239,9.0958,2.13877,2456.97,2224.0,2456.71,2224.29,4.696,6.126,0.002,0.003,0.9799,0.9701,0.1737,0.2506,-68.51,-64.93,-53.81,-54.05,6.4249,2.24002,3.5,6.49E-4,5.36E-4,3.5,6.03E-4,4.52E-4,127.0,159.2,0.908,0.57,0.9,1.33,1.32,0.35,0.25,C,0,1,6371056497273605120,6371056497273605218,0,1,6371056497273605120,6371056497273605218,6371056497273605218,N,0.0,0.211676
39633446338826237,270.82093593890755,65.24470870952874,1.0968,QSO,-0.05346343115213448,0.0,1.9757629307559846E-5,44.878931894922445,true,J180316.95+651441.1,270.820657,65.24477,0.139,0.132,121.0,16.037,14.864,12.08,9.826,,,,0.033,0.036,0.079,0.302,,,,2691165101241022476,000p,0,000n,AAAB,,0.474096,186292708210044438,270.82093645927,65.2447005425,0.005,0.005,90.0,2528,31,436527248,52,0.00497144691,0.00497144691,56476.126837224,5,67,8,17,35,6,1,0.999751,20.861,0.0895,0.2077,8,20.6954,21.23,21.0154,0.0607,115000,0.99965,20.3504,0.0558,0.2071,16,20.0861,20.77,20.4603,0.0665,115000,0.99969,20.218,0.0165,0.1496,31,20.096,20.8207,20.2945,0.0406,115000,0.999639,20.6393,0.0878,0.2528,5,20.2156,20.7661,20.5276,0.1082,115000,0.998508,19.729,0.1808,,1,19.729,19.729,19.6143,0.2755,115000,0.489897,270.821055,65.244728,GALEX J180317.0+651441,6370950987107010996,6370950987103862784,AIS,269.653476,65.252715,183.0,183.0,94.875,29.4595,50001,1409,44,0.4889,true,3,0.0457,0,0,21.3922,0.2881,20.5472,0.1505,2.5722,0.2881,0.4672,0.1505,2.6005,0.3033,0.6832,0.1432,2.722,0.4399,0.4635,0.1646,0,1,0,0,10.0725,2.67236,21.9344,3.03894,767.4,1889.33,767.91,1889.82,3.521,12.501,0.001,0.005,0.9736,0.982,0.2378,0.0892,-59.57,-56.85,83.37,84.32,9.53781,1.9521,3.62249,9.94E-4,7.6E-4,3.5,5.43E-4,4.94E-4,142.1,152.1,0.574,1.08,0.71,1.15,1.02,0.28,0.21,C,0,1,6370950987107010560,6370950987107010996,0,1,6370950987107010560,6370950987107010996,6370950987107010996,N,0.0,0.617598
39633448876377076,271.6446481913745,65.57033212005632,-3.0E-4,STAR,,,,37.14015180230832,true,J180634.58+653412.2,271.644117,65.570068,0.096,0.095,156.0,14.511,14.226,11.761,10.293,16.194,15.648,15.126,0.025,0.029,0.066,0.492,0.096,0.125,0.152,2726165101241035731,00Pp,0,11nn,AAAC,0.197,1.237634,186682716440014796,271.64402825806,65.57004678884,0.001,0.001,90.0,2528,40,512024576,61,0.00127990528,0.00127944657,56362.204877758,10,102,10,19,39,16,18,0.99973,20.0322,0.009,0.0418,5,20.0311,20.0945,19.0061,0.0467,16892216,0.999552,18.9344,0.0271,0.0964,11,18.7435,19.0981,18.1183,0.0109,16892216,0.999491,18.5704,0.0231,0.0992,25,18.4089,18.7261,17.6122,0.0082,16892216,0.998687,18.139,0.0217,0.0912,8,18.0344,18.3006,17.3997,0.0203,16892216,0.999169,17.9739,0.0279,0.124,15,17.7246,18.177,17.2304,0.0229,16892216,0.152605,271.644946,65.569658,GALEX J180634.7+653410,6370986195099321236,6370986195098271744,AIS,271.539522,65.875616,180.0,180.0,95.2594,29.1267,50002,2113,66,0.309013,true,1,0.0474,0,0,,,21.9459,0.3319,,,1.8659,0.3319,,,1.9954,0.3562,,,1.7285,0.4916,0,0,0,0,,,6.04856,1.84834,,,1837.52,1152.72,,7.683,,0.003,0.9834,0.0,0.3483,,12.14,14.39,,,7.68278,1.009,3.5,6.63E-4,4.32E-4,,,,128.3,141.1,,,1.39,,,0.54,,C,0,1,6370986195099321344,6370986195099321236,0,1,6370986195099321344,6370986195099321236,6370986195099321236,N,0.0,1.92384
39633451355212011,267.9038794914507,65.67515077913986,0.8244,QSO,0.014309530049346098,0.004840055153362266,1.696482215195349E-5,44.915779150879025,true,J175136.95+654030.6,267.90399,65.675169,0.084,0.082,119.0,14.66,13.58,11.183,8.873,,,,0.025,0.023,0.041,0.128,,,,2691165101241054275,dd00,0,1101,AAAB,,0.176224,186812679038790908,267.90387584969,65.67514995991,0.002,0.002,90.0,2528,44,436527248,52,0.00192159497,0.00190688669,56005.438137022,5,96,10,20,34,17,15,0.999384,18.8683,0.071,0.1714,8,18.6106,19.0427,18.9341,0.0614,115000,0.999434,18.7201,0.0424,0.202,11,18.5206,19.1978,18.7959,0.0489,115000,0.999538,19.7069,0.0144,0.1021,22,19.3841,19.8524,19.6934,0.0522,115000,0.999742,18.9107,0.0427,0.1715,11,18.6185,19.0302,18.5849,0.099,115000,0.999688,19.0494,0.0768,0.2876,13,18.6422,19.5664,19.1132,0.0581,115000,0.182622,267.903893,65.675117,GALEX J175136.9+654030,6370950988180753781,6370950988177604608,AIS,267.181121,65.490331,166.0,166.0,95.3716,30.6712,50001,1441,45,0.351301,true,3,0.0475,0,0,21.101,0.2431,19.2787,0.0729,2.281,0.2431,-0.8013,0.0729,2.3525,0.2541,-0.7182,0.0722,2.1901,0.2917,-0.8053,0.0779,0,0,0,0,13.1707,2.94788,70.5506,4.73667,1237.58,2302.08,1237.43,2301.83,4.592,4.263,0.002,0.002,0.9811,0.9831,0.1578,0.2729,68.73,67.13,-65.46,-65.01,9.46107,1.84361,3.5,8.94E-4,7.52E-4,3.5,6.23E-4,4.54E-4,129.3,154.2,0.945,0.26,0.51,1.02,0.81,0.1,0.17,C,0,1,6370950988180753408,6370950988180753781,0,1,6370950988180753408,6370950988180753781,6370950988180753781,N,0.0,0.236236
39633456321265823,271.87276383479787,66.25640785871502,1.02555,QSO,0.5599882493122756,0.008222136504110866,1.8405034821965885E-5,45.446077697211294,true,J180729.46+661523.1,271.872763,66.256417,0.075,0.074,54.0,14.36,12.987,10.325,8.344,,,,0.025,0.022,0.025,0.091,,,,2709166601241018020,dd00,0,0011,AAAA,,0.032186,187502718727748448,271.87275674955,66.25640584433,0.004,0.004,90.0,2528,50,436527232,52,0.0038372783,0.0038372783,56351.261204467,10,93,10,19,38,11,15,0.999358,21.7947,0.0363,0.1332,10,21.5904,21.988,21.7178,0.1184,115000,0.999743,20.627,0.028,0.1603,19,20.3977,21.017,20.6498,0.0453,115000,0.999274,19.95,0.013,0.0769,37,19.8104,20.1031,19.9773,0.0289,115000,0.999367,19.5274,0.0272,0.0835,11,19.348,19.6636,19.5874,0.0676,115000,0.999644,19.178,0.0367,0.1813,15,18.8395,19.5156,19.1596,0.0765,115000,0.04117,271.873282,66.256055,GALEX J180729.5+661521,6370986195099324667,6370986195098271744,AIS,271.539522,65.875616,180.0,180.0,96.048,29.0569,50002,2113,66,0.403815,true,1,0.0426,0,0,,,22.6612,0.4048,,,2.5812,0.4048,,,2.8517,0.6472,,,3.034,1.4178,0,256,0,0,,,3.1299,1.16677,,,1619.05,2800.79,,4.1,,0.002,0.6685,0.0,0.4517,,-77.34,-76.78,,,2.2786,39.7905,3.5,4.97E-4,2.73E-4,,,,141.1,176.1,,,1.55,,,0.59,,C,0,1,6370986195099324416,6370986195099324667,0,1,6370986195099324416,6370986195099324667,6370986195099324667,N,0.0,1.504646
